class_10_gpa,class_12_gpa,jee_mains_rank,jee_advanced_rank,neet_rank,sat_score,extracurriculars,category,state_of_domicile,preferred_branch,college_admitted
6.872700594236813,5.925664644193098,74972,20181,180883,1113,1,General,Tamil Nadu,Computer Science,MIT
9.75357153204958,7.709504736891791,163,12181,118697,1405,8,OBC,Tamil Nadu,Computer Science,Stanford University
8.659969709057025,9.364729179382042,34743,33003,130831,1174,9,ST,Delhi,Medicine,MIT
7.993292420985183,8.661124432047806,19676,15373,4995,1438,6,ST,Karnataka,Medicine,Stanford University
5.780093202212183,9.03280573930725,73998,29797,4235,824,9,ST,Delhi,Electrical,AIIMS Delhi
5.779972601681013,8.293916833553586,17016,24428,69301,1133,6,General,Karnataka,Computer Science,MIT
5.290418060840997,8.461382822589263,50058,33291,43950,1154,5,General,Tamil Nadu,Electrical,AIIMS Delhi
9.330880728874675,9.245978257826597,32592,28100,37406,915,2,ST,Delhi,Electrical,IIT Bombay
8.005575058716044,6.248340044295929,93584,45487,34873,847,9,SC,Delhi,Computer Science,Stanford University
8.540362888980226,7.447124818215702,9834,9822,42216,1537,2,ST,Maharashtra,Mechanical,Stanford University
5.102922471479012,6.106047209098011,7897,5833,23186,1577,1,OBC,Karnataka,Computer Science,AIIMS Delhi
9.849549260809972,9.938340039983235,32973,12821,174515,898,5,General,Tamil Nadu,Medicine,AIIMS Delhi
9.162213204002109,9.720296698433067,49734,16212,182832,1258,3,OBC,Maharashtra,Computer Science,IIT Bombay
6.061695553391381,5.197134056842529,41801,39891,41154,1322,4,OBC,Maharashtra,Mechanical,MIT
5.909124836035503,8.527875862578442,96045,5843,77536,1396,2,General,Karnataka,Electrical,Stanford University
5.917022549267169,9.62624158707833,5348,1317,133654,1204,5,SC,Maharashtra,Electrical,Stanford University
6.521211214797688,5.902876725636668,59064,45969,51718,1013,2,ST,Karnataka,Medicine,IIT Bombay
7.623782158161189,7.839726152763147,95851,17509,2764,1484,7,OBC,Maharashtra,Medicine,IIT Bombay
7.159725093210579,9.57744148794021,2644,22006,92911,1302,8,General,Karnataka,Medicine,AIIMS Delhi
6.456145700990209,5.169729892928994,40786,15207,55481,1520,3,OBC,Tamil Nadu,Electrical,AIIMS Delhi
8.059264473611897,8.4871013362342,18682,18972,169832,1247,8,ST,Karnataka,Medicine,MIT
5.697469303260209,6.486745036862754,50027,25600,118095,1375,6,SC,Karnataka,Computer Science,IIT Bombay
6.4607232426760905,9.621980976882652,15893,22057,156380,1057,2,SC,Delhi,Electrical,MIT
6.831809216468459,9.85529122582684,47300,1379,11065,920,6,SC,Tamil Nadu,Mechanical,IIT Bombay
7.28034992108518,9.72133244556717,17074,1520,76849,853,0,General,Tamil Nadu,Electrical,Stanford University
8.925879806965067,7.371071083287319,30683,22162,37549,1130,2,General,Tamil Nadu,Computer Science,IIT Bombay
5.998368910791799,9.310213254946568,97799,40704,168018,1583,5,SC,Maharashtra,Computer Science,IIT Bombay
7.571172192068058,9.22274699267535,96895,38862,179010,1040,3,ST,Delhi,Medicine,Stanford University
7.962072844310212,6.595502366216278,14290,5356,6477,1554,6,ST,Tamil Nadu,Electrical,IIT Bombay
5.232252063599988,9.144577370753387,7928,9084,182829,1329,2,General,Maharashtra,Electrical,MIT
8.037724259507192,5.185038173577463,48331,38343,90102,1282,0,SC,Maharashtra,Electrical,AIIMS Delhi
5.8526206184364575,7.981349392410265,66708,20457,2383,986,8,ST,Maharashtra,Mechanical,AIIMS Delhi
5.325257964926397,6.150044186438516,77455,13325,180756,1455,5,ST,Delhi,Medicine,MIT
9.744427686266667,5.6028344288863945,65429,2258,176349,1061,7,ST,Maharashtra,Computer Science,Stanford University
9.828160165372797,5.384766008146046,50602,27365,164475,1163,2,General,Delhi,Computer Science,IIT Bombay
9.041986740582306,8.4814438793907,77466,24973,158019,1290,7,SC,Karnataka,Medicine,MIT
6.523068845866853,6.699374818840331,2540,46180,79699,1230,1,OBC,Maharashtra,Computer Science,AIIMS Delhi
5.48836057003192,8.623833857643808,22670,26655,153408,1038,3,SC,Tamil Nadu,Computer Science,AIIMS Delhi
8.421165132560784,5.326781703994712,70969,15234,45096,1103,2,SC,Maharashtra,Medicine,MIT
7.200762468698007,6.576451689153052,20645,15888,129975,1097,9,General,Karnataka,Computer Science,AIIMS Delhi
5.610191174223894,7.697456461876686,18746,29321,27198,875,0,ST,Karnataka,Electrical,MIT
7.475884550556351,8.953615824194818,28229,20809,127620,1499,6,ST,Maharashtra,Mechanical,AIIMS Delhi
5.171942605576092,6.59376251466035,34522,30155,22011,1132,9,General,Karnataka,Medicine,MIT
9.546602010393912,8.129456882185046,97240,34774,155196,1557,1,General,Delhi,Mechanical,IIT Bombay
6.293899908000085,9.429888741180935,26929,27748,87924,1441,3,General,Delhi,Computer Science,IIT Bombay
8.31261142176991,8.079315940911522,18323,10861,133963,1273,8,General,Maharashtra,Computer Science,IIT Bombay
6.558555380447055,6.1647973737681685,57715,42839,130527,1082,5,General,Delhi,Electrical,IIT Bombay
7.600340105889054,5.12200390778269,87897,42157,109163,1390,7,OBC,Delhi,Medicine,AIIMS Delhi
7.733551396716399,9.350494369504649,62293,18157,120928,871,1,SC,Tamil Nadu,Computer Science,Stanford University
5.924272277627635,5.106347054251936,29056,20361,8027,1062,6,SC,Maharashtra,Medicine,MIT
9.847923138822793,9.373508363420997,42892,18136,64926,1502,5,SC,Karnataka,Medicine,Stanford University
8.875664116805574,7.6446856701360595,81913,25352,68843,1374,8,ST,Maharashtra,Medicine,AIIMS Delhi
9.697494707820946,9.695338492564481,6589,30500,33666,811,6,OBC,Delhi,Medicine,AIIMS Delhi
9.474136752138243,8.993916178868327,90537,47378,9278,940,0,SC,Tamil Nadu,Medicine,Stanford University
7.989499894055426,9.989670552666688,6305,23555,173312,1565,7,ST,Maharashtra,Mechanical,Stanford University
9.609371175115584,6.753559077258551,7346,49132,178737,1354,9,OBC,Maharashtra,Electrical,AIIMS Delhi
5.442462510259597,8.835941444655635,29301,19605,48009,816,2,OBC,Delhi,Medicine,AIIMS Delhi
5.979914312095726,7.00965456804621,24260,16924,14684,862,1,ST,Delhi,Mechanical,MIT
5.22613644455269,7.399378101519544,91007,47592,131743,1052,2,OBC,Maharashtra,Computer Science,IIT Bombay
6.626651653816322,8.13752731609185,88554,8548,148962,1264,5,ST,Delhi,Medicine,IIT Bombay
6.94338644844741,9.368385570931693,15353,44284,186685,1175,2,SC,Delhi,Computer Science,MIT
6.356745158869479,9.920417345996476,33366,33003,175608,1319,9,ST,Delhi,Medicine,Stanford University
9.143687545759647,8.84136706932259,19447,14563,78543,889,4,OBC,Delhi,Mechanical,AIIMS Delhi
6.7837666334679465,7.088833910836669,2337,7481,54320,1519,5,SC,Delhi,Mechanical,Stanford University
6.404672548436904,7.106785011385351,62033,26673,92068,1595,7,SC,Tamil Nadu,Mechanical,IIT Bombay
7.713480415791242,8.687911507944458,75416,4214,152712,1429,6,General,Delhi,Electrical,IIT Bombay
5.704621124873813,6.1938857288415115,97853,10294,195785,974,7,General,Karnataka,Computer Science,Stanford University
9.010984903770199,5.5523705656569735,98877,34442,147706,875,2,OBC,Maharashtra,Electrical,IIT Bombay
5.372753218398854,6.773110788203883,7522,2101,165733,1412,3,ST,Tamil Nadu,Medicine,AIIMS Delhi
9.934434683002586,6.436194958270409,71708,44618,68976,1462,5,ST,Tamil Nadu,Computer Science,MIT
8.861223846483288,6.48154060227995,23482,28173,163245,1199,6,OBC,Delhi,Mechanical,Stanford University
5.993578407670862,6.168038755249549,18475,20133,190270,1581,8,SC,Maharashtra,Computer Science,AIIMS Delhi
5.027610585618012,5.21046594818181,46761,18200,101159,870,0,OBC,Karnataka,Mechanical,AIIMS Delhi
9.07730714227417,5.089369673667069,55719,36610,189920,979,7,OBC,Delhi,Electrical,IIT Bombay
8.534286719238086,9.938611948680158,44630,42966,11578,923,7,SC,Maharashtra,Electrical,AIIMS Delhi
8.645035840204937,7.138865668679312,45233,8017,77300,1180,5,ST,Delhi,Mechanical,Stanford University
8.85635173342973,6.921633235798408,86545,39780,20177,1092,3,OBC,Delhi,Mechanical,AIIMS Delhi
5.3702232586704515,8.39823641346535,67170,37262,175459,1596,2,ST,Delhi,Medicine,MIT
6.792328642721364,6.091269439325321,50670,31882,63973,994,2,OBC,Delhi,Electrical,AIIMS Delhi
5.579345297625649,9.749805919751127,78022,17059,120019,1027,5,SC,Delhi,Electrical,AIIMS Delhi
9.315517129377968,8.93172507207776,69185,24473,172076,1230,7,SC,Delhi,Medicine,MIT
8.11649063413779,5.4470550115612975,47946,41347,19997,1235,6,General,Delhi,Electrical,AIIMS Delhi
6.654490124263246,7.087903878924642,13141,34927,100923,1586,0,SC,Karnataka,Mechanical,AIIMS Delhi
5.317791751430118,9.395591537810823,83458,34833,86599,1260,5,General,Tamil Nadu,Computer Science,IIT Bombay
6.554911608578311,9.72366011145705,14358,36022,35932,1417,6,OBC,Karnataka,Computer Science,Stanford University
6.625916610133736,7.337007556249349,68674,24088,124169,820,6,ST,Delhi,Electrical,IIT Bombay
8.64803089169032,8.067056946053539,65634,12829,166783,863,8,SC,Delhi,Medicine,Stanford University
8.187787356776067,5.835169730460376,76944,31129,123100,964,9,SC,Karnataka,Mechanical,MIT
9.436063712881634,9.955843130684883,96112,1402,34694,826,4,SC,Karnataka,Computer Science,MIT
7.361074625809747,6.158358506917217,78259,19644,166813,1110,0,OBC,Tamil Nadu,Mechanical,MIT
5.597971229691509,9.713658870675628,12925,15194,108945,1084,1,General,Karnataka,Electrical,Stanford University
8.566223936114975,8.248233244961842,69287,26854,17375,1459,3,OBC,Tamil Nadu,Electrical,Stanford University
8.803925243084487,8.038683974394296,93270,44865,81472,1080,4,ST,Delhi,Computer Science,Stanford University
7.806385987847481,7.563442555082543,74072,20308,45914,963,8,OBC,Maharashtra,Electrical,MIT
8.854835899772805,6.153349058588793,57327,36983,123684,1023,0,ST,Maharashtra,Medicine,Stanford University
7.468977981821954,5.882640160027542,90024,19612,197098,1583,2,SC,Maharashtra,Electrical,AIIMS Delhi
7.61366414690997,6.102431045350877,30652,43792,44517,945,4,ST,Maharashtra,Electrical,IIT Bombay
7.137705091792748,5.932191310721272,70203,11951,87797,829,2,ST,Delhi,Electrical,MIT
5.127095633720476,8.897922367833766,48778,10705,26070,844,3,General,Maharashtra,Mechanical,IIT Bombay
5.539457134966522,6.7506262958336505,16995,43112,118334,1586,2,ST,Karnataka,Mechanical,AIIMS Delhi
5.157145928433671,5.289213382816982,67264,11868,187306,1270,3,ST,Karnataka,Computer Science,Stanford University
8.182052056318902,9.845513150704058,59635,2746,84812,833,0,OBC,Maharashtra,Computer Science,IIT Bombay
6.571779905381634,9.41892942481713,10801,3867,190122,1452,7,SC,Karnataka,Computer Science,AIIMS Delhi
7.542853455823514,9.638761415976065,37824,32246,118029,1226,3,OBC,Tamil Nadu,Electrical,AIIMS Delhi
9.537832369630465,9.974539113232176,63879,44725,39179,1020,6,OBC,Delhi,Mechanical,IIT Bombay
6.246461145744375,5.869476246097436,18709,5819,32822,1333,1,SC,Maharashtra,Medicine,MIT
7.051914615178148,6.981210094513294,12820,48862,182800,1491,1,SC,Maharashtra,Electrical,IIT Bombay
8.777755692715242,8.791192378520456,74906,30117,192008,1166,5,ST,Delhi,Electrical,MIT
6.143990827458112,8.480103090268962,63871,15494,17000,1542,1,ST,Karnataka,Electrical,Stanford University
5.384899549143965,5.769479531699275,9284,28039,193595,1349,5,General,Delhi,Medicine,MIT
6.44875726456884,9.079165624953088,30574,20448,38713,1381,1,OBC,Delhi,Computer Science,Stanford University
5.8061064362700225,6.122202859183304,78708,30432,195624,915,3,SC,Karnataka,Medicine,IIT Bombay
9.648488261712865,6.119088074113115,30934,17909,171245,1038,6,ST,Delhi,Computer Science,Stanford University
9.040601897822086,7.684872114467067,5775,29337,33723,1134,7,SC,Karnataka,Medicine,AIIMS Delhi
8.167018782552118,7.964699674208516,72056,40993,10626,1240,2,ST,Karnataka,Mechanical,Stanford University
9.357302950938589,7.900431039189056,10984,4026,198238,947,8,General,Delhi,Electrical,MIT
9.018360384495573,5.457434186988774,96469,20094,6860,808,1,General,Tamil Nadu,Electrical,MIT
5.932850294430179,9.387304313151901,96335,6156,172682,1087,7,SC,Karnataka,Electrical,MIT
9.46279499244989,6.328000212943531,18134,46608,174380,1187,7,General,Delhi,Computer Science,Stanford University
7.696711209578254,5.647574606414021,14940,33488,110987,849,3,SC,Karnataka,Medicine,MIT
9.037200775820313,9.443740399344886,782,47659,21840,1316,0,ST,Tamil Nadu,Mechanical,MIT
9.480456499617466,9.778257491148768,56701,20964,27217,1437,0,OBC,Tamil Nadu,Medicine,AIIMS Delhi
6.590017374859319,9.310638086327252,27625,20937,52954,1386,1,General,Maharashtra,Electrical,Stanford University
5.550259622638384,9.04758037362439,6824,4427,191666,1476,8,ST,Karnataka,Mechanical,AIIMS Delhi
6.139675812709708,8.27620990319511,18490,23304,49523,1077,1,OBC,Karnataka,Mechanical,MIT
7.135538943131282,7.754286853045697,39962,45281,135959,1099,1,OBC,Delhi,Electrical,MIT
9.090073829612464,5.434933799557051,29119,27607,111250,1388,5,OBC,Karnataka,Medicine,MIT
9.303652916281717,7.042266065353493,81817,47833,7486,1448,6,ST,Maharashtra,Electrical,Stanford University
5.034760652655954,6.86344258506157,22264,28152,162528,1417,6,ST,Tamil Nadu,Medicine,IIT Bombay
7.553736512887829,6.298768918801631,13566,13768,147840,1406,8,SC,Tamil Nadu,Mechanical,MIT
7.0870550157438945,8.617100568442925,20355,11309,112702,934,5,OBC,Maharashtra,Mechanical,MIT
6.110539052353651,7.479378675393854,42952,44246,159526,1379,7,OBC,Karnataka,Electrical,MIT
5.599326836668414,5.40523107953824,91180,45672,102639,946,5,OBC,Karnataka,Mechanical,MIT
6.68807585701814,6.1009160097490565,23649,24771,184515,1289,1,SC,Maharashtra,Computer Science,Stanford University
9.714548519562596,8.41629381829798,50730,28573,182950,1277,0,OBC,Delhi,Mechanical,IIT Bombay
6.616014660103776,5.380654297451501,41972,41449,12227,958,4,ST,Tamil Nadu,Computer Science,IIT Bombay
7.59395310871683,9.256034570243845,18659,2205,93406,1183,8,OBC,Maharashtra,Mechanical,IIT Bombay
8.515094794475889,7.475732635069871,21254,27234,22589,962,7,General,Maharashtra,Electrical,MIT
6.81814801189647,7.40293288663324,64167,21730,162782,1240,3,ST,Karnataka,Electrical,MIT
9.858910413604804,7.9620389232975874,48564,31132,178861,988,4,SC,Tamil Nadu,Computer Science,IIT Bombay
9.812236474710556,9.123404829625745,26391,33871,37020,1214,4,OBC,Karnataka,Electrical,IIT Bombay
6.258911479126821,6.739046039510965,88665,38012,176021,1138,5,General,Maharashtra,Mechanical,MIT
7.4862425294619275,8.390080762795318,51579,39383,65134,1406,2,SC,Delhi,Mechanical,MIT
6.504391549083849,7.828659819978956,79026,49068,114445,980,4,SC,Tamil Nadu,Electrical,AIIMS Delhi
6.424202471887338,6.335141350847106,32659,41476,197531,1087,1,ST,Maharashtra,Mechanical,AIIMS Delhi
5.184434736772664,9.39314993177579,6853,46682,117604,986,9,SC,Maharashtra,Medicine,AIIMS Delhi
8.047821669899484,8.987130108034641,94987,21608,158599,937,0,SC,Delhi,Medicine,IIT Bombay
7.5133951161443076,8.292259173292127,2552,24969,128586,929,0,SC,Maharashtra,Mechanical,Stanford University
5.257393756249947,9.252908645471209,71948,33399,183271,993,9,SC,Maharashtra,Electrical,MIT
6.393232321183057,9.336471004799012,61002,11909,43396,1115,6,OBC,Tamil Nadu,Computer Science,AIIMS Delhi
9.541329429833269,8.541814883575174,49160,26424,155104,1584,1,OBC,Tamil Nadu,Electrical,Stanford University
6.197809453334862,9.18506664181836,51708,43616,125815,943,3,OBC,Tamil Nadu,Computer Science,MIT
5.7244743604561155,8.487357308346418,33244,9172,168774,815,4,OBC,Karnataka,Electrical,Stanford University
7.447263801387815,8.400703858801503,21801,12722,112600,1101,6,General,Delhi,Mechanical,IIT Bombay
9.928252270553003,8.093056891075921,75940,49430,25940,1222,1,OBC,Tamil Nadu,Medicine,IIT Bombay
6.210276357557502,8.763583197788206,57829,16617,180218,1044,5,SC,Karnataka,Electrical,IIT Bombay
8.360677737029393,5.793025526465368,7240,42513,151397,906,0,OBC,Karnataka,Computer Science,AIIMS Delhi
8.808098076643589,9.404353795994641,6711,38459,153940,887,6,OBC,Delhi,Medicine,MIT
6.188187719961999,9.359217638726161,21385,46170,204,928,8,ST,Delhi,Computer Science,IIT Bombay
8.641081743059297,5.146236415172796,21039,7660,147617,1140,4,SC,Maharashtra,Mechanical,AIIMS Delhi
6.838915663596266,9.129083752823814,40847,43370,146972,803,4,OBC,Karnataka,Medicine,AIIMS Delhi
8.161529152967898,5.644349337367226,87984,11705,29064,1126,3,OBC,Tamil Nadu,Computer Science,AIIMS Delhi
8.167648553804474,6.67559427129571,67822,32794,90881,1209,2,OBC,Delhi,Electrical,AIIMS Delhi
7.678873420373792,8.71754128145804,37992,48153,3749,1105,8,General,Karnataka,Mechanical,IIT Bombay
5.451448850272041,5.803799480241541,79058,46474,117270,1406,4,OBC,Tamil Nadu,Mechanical,AIIMS Delhi
9.17651247794619,9.08983512059531,6972,31227,197702,1520,7,ST,Karnataka,Mechanical,IIT Bombay
6.603900324858679,9.16067088978871,29140,23853,80765,1024,8,SC,Delhi,Electrical,IIT Bombay
5.932592551999271,7.537338668804181,85446,32083,151957,1147,4,SC,Maharashtra,Electrical,AIIMS Delhi
5.20387570777382,5.031929358584168,77068,22795,156256,1120,9,OBC,Karnataka,Medicine,IIT Bombay
7.954464715941209,6.435190665874564,80258,41421,108037,1358,8,OBC,Tamil Nadu,Electrical,MIT
8.387821809211413,8.08463459187871,84743,13380,150332,980,1,OBC,Delhi,Medicine,MIT
5.082939144639281,9.905930890137117,37712,7007,167032,1417,8,SC,Maharashtra,Mechanical,Stanford University
7.560465291496405,8.159067635083343,6531,8683,116526,1510,3,SC,Tamil Nadu,Medicine,MIT
6.1324788759896895,6.299017905320799,11117,33841,164530,1185,5,General,Tamil Nadu,Computer Science,IIT Bombay
8.225863952047249,8.170028515498057,65795,32431,85680,1417,5,ST,Tamil Nadu,Mechanical,IIT Bombay
5.871832145024957,7.699926898579277,283,23092,125830,1591,5,General,Karnataka,Mechanical,MIT
8.45468869051233,8.899226975755719,79474,32984,128217,1571,1,ST,Delhi,Medicine,AIIMS Delhi
6.933676731502687,5.534903194134792,1899,23990,133176,907,6,General,Tamil Nadu,Mechanical,AIIMS Delhi
9.683649943683672,8.80513951251014,4136,9916,65902,1330,5,SC,Karnataka,Electrical,IIT Bombay
5.687604720729967,7.7063328933805515,6630,42553,175608,1209,0,General,Delhi,Computer Science,AIIMS Delhi
6.705331755251293,9.814960019294972,85121,18991,147176,1095,1,ST,Delhi,Medicine,Stanford University
5.567367606202946,6.709360830193431,89088,24735,98047,970,6,OBC,Karnataka,Medicine,Stanford University
9.623468091392814,8.163109465669741,65032,14825,90013,1130,0,ST,Karnataka,Mechanical,MIT
9.386696766904905,9.660140527550087,33381,36082,78279,1292,0,OBC,Tamil Nadu,Electrical,MIT
6.289708138575778,5.512548639953396,17072,11034,12392,994,0,SC,Delhi,Mechanical,AIIMS Delhi
8.299920230170894,9.686142436182255,20075,42737,102477,811,7,ST,Maharashtra,Mechanical,IIT Bombay
9.08611100100608,8.439428611504066,90725,16242,159974,994,3,General,Karnataka,Medicine,MIT
7.776004057997312,5.339185295525859,67844,5940,120722,1289,3,ST,Delhi,Mechanical,Stanford University
7.648252891780032,6.504817834734081,39902,47465,97538,1594,1,OBC,Delhi,Computer Science,MIT
6.209261454502259,8.540860443226407,11206,47563,81160,981,0,SC,Tamil Nadu,Mechanical,MIT
5.465513839029496,5.336753007343859,55662,35064,198987,1455,9,General,Maharashtra,Mechanical,Stanford University
9.486078789766633,7.910852300881366,5907,34465,131041,1115,8,ST,Tamil Nadu,Medicine,IIT Bombay
9.502090285816653,6.729415284764784,2592,11186,181430,1493,6,OBC,Maharashtra,Mechanical,MIT
8.16550728636634,8.104577588837385,62988,27046,169510,829,3,General,Maharashtra,Electrical,MIT
6.6951489552435035,5.228710169062564,63371,44770,35504,1395,5,SC,Karnataka,Medicine,MIT
6.746047873063304,9.357684030761881,80686,47119,75404,1477,1,General,Delhi,Mechanical,AIIMS Delhi
8.629778394351197,9.867444845886984,54401,19168,172331,1595,6,SC,Delhi,Computer Science,MIT
9.485551299762886,9.844389276428458,25151,36413,164797,1592,1,General,Delhi,Computer Science,Stanford University
9.435432121325587,8.748259158714625,31853,21626,64287,895,9,ST,Maharashtra,Medicine,IIT Bombay
8.899377729288119,5.65043120065316,42871,39189,74843,1180,7,OBC,Delhi,Medicine,IIT Bombay
8.21015823077144,8.791315979645113,52757,27077,104928,1577,7,ST,Karnataka,Mechanical,Stanford University
5.4206998249752445,5.1229345822940076,56482,44606,14909,1243,0,ST,Maharashtra,Electrical,AIIMS Delhi
5.808143570473069,5.110617757644986,1284,19030,181699,1097,7,SC,Maharashtra,Mechanical,Stanford University
9.492770942635396,6.618051095747706,33692,22974,37229,1536,1,SC,Maharashtra,Computer Science,IIT Bombay
8.03214529829795,7.443215952023329,1126,39122,23387,1160,5,SC,Maharashtra,Electrical,Stanford University
5.045985258083149,8.852037089038966,67066,31434,177827,1173,0,ST,Karnataka,Electrical,AIIMS Delhi
5.50735771433016,8.416476883032527,26171,43310,28303,1353,4,General,Delhi,Electrical,IIT Bombay
8.317508845540278,7.229513531883741,8439,1933,60816,1102,6,General,Karnataka,Mechanical,AIIMS Delhi
5.025307919231094,6.3681333314083295,20096,44255,63345,1220,9,ST,Delhi,Computer Science,Stanford University
5.804040257087493,9.985622500788555,16155,1758,166691,1045,0,ST,Karnataka,Medicine,MIT
7.743668946832931,7.130906511179864,8005,30723,111604,1519,1,OBC,Tamil Nadu,Mechanical,Stanford University
8.459475988463467,7.256935121648377,9753,37854,61115,1036,6,SC,Tamil Nadu,Medicine,AIIMS Delhi
8.259806297513002,5.8181191059583455,55427,38406,25526,1333,5,SC,Tamil Nadu,Electrical,Stanford University
6.1213465473027995,8.974047743749647,26820,1117,79819,984,2,ST,Tamil Nadu,Electrical,MIT
8.56089610673768,8.468411128907443,92052,43528,114590,1267,9,ST,Maharashtra,Mechanical,AIIMS Delhi
6.186245437484001,6.103848063943802,24218,11692,145407,1553,1,General,Maharashtra,Computer Science,Stanford University
6.626998490796339,5.411905228079213,88709,493,94716,1162,9,ST,Karnataka,Electrical,AIIMS Delhi
8.73245702559012,8.402496510373565,32995,27883,193840,1082,3,General,Karnataka,Medicine,AIIMS Delhi
8.248164495236074,8.272556071405676,15037,8812,6645,1352,2,ST,Tamil Nadu,Medicine,IIT Bombay
9.24611705247089,6.366297634991047,77276,27809,101155,1135,6,OBC,Delhi,Mechanical,IIT Bombay
8.288064461501717,9.75431781125205,97757,24273,164006,961,7,OBC,Tamil Nadu,Medicine,AIIMS Delhi
7.841543016677358,5.755289458904501,49417,28400,43470,959,1,General,Karnataka,Computer Science,Stanford University
5.468373839140463,7.16167400521301,9588,6475,164760,1273,9,SC,Tamil Nadu,Electrical,Stanford University
6.838579015297167,9.718079600837994,95666,26957,106610,1400,6,OBC,Karnataka,Medicine,Stanford University
6.326011838408627,7.098636584630611,646,47154,183729,1121,7,General,Tamil Nadu,Medicine,MIT
6.219948216895418,8.192629738320427,30931,42507,148448,811,5,ST,Delhi,Electrical,AIIMS Delhi
9.865052773762228,6.987971989813971,81836,13980,65207,1223,5,ST,Tamil Nadu,Mechanical,AIIMS Delhi
6.965488623333802,6.37107601174335,30091,44524,96463,872,9,General,Delhi,Medicine,MIT
9.460232775885567,9.91988823979914,87490,42566,167680,1387,0,SC,Delhi,Mechanical,AIIMS Delhi
8.155693129986314,7.046670031575215,52143,28329,83179,1000,3,General,Karnataka,Mechanical,AIIMS Delhi
8.974056517708242,9.470496018395671,26476,47376,155066,1321,0,General,Delhi,Medicine,MIT
7.513185465525961,6.149773029455431,18889,12868,175459,1304,3,OBC,Maharashtra,Computer Science,IIT Bombay
7.884519423131795,6.065523520125416,43733,25852,177360,1537,1,General,Maharashtra,Mechanical,AIIMS Delhi
7.462588469094319,5.1556704144225565,81624,31280,86725,1487,4,General,Maharashtra,Medicine,MIT
5.976214938990222,8.258334126879426,46306,30528,96394,1587,9,ST,Karnataka,Mechanical,Stanford University
8.612260576307527,6.842631718618806,46038,7867,127315,838,8,OBC,Maharashtra,Electrical,IIT Bombay
6.403861812204279,9.321791249198185,9347,15450,76313,859,9,ST,Karnataka,Computer Science,Stanford University
5.121579832157269,7.366049533457786,588,10686,75325,1377,2,ST,Karnataka,Computer Science,AIIMS Delhi
8.227361479535839,9.840967139573609,12764,23545,71197,1120,7,SC,Maharashtra,Electrical,IIT Bombay
5.8855533970352445,5.927627578515605,59166,5452,70015,1234,2,SC,Delhi,Electrical,MIT
9.70229292176457,9.343115839778054,69616,21643,139283,1435,5,OBC,Tamil Nadu,Mechanical,AIIMS Delhi
9.769642885012937,8.882984263958708,36117,41317,141995,1475,3,OBC,Karnataka,Electrical,MIT
9.574321951102242,8.85460922322026,85752,39955,167362,1207,7,SC,Maharashtra,Computer Science,IIT Bombay
6.850793501277222,9.22391614058444,91354,38871,33341,1185,5,SC,Karnataka,Electrical,Stanford University
5.077283082644337,8.805119954714995,90302,31031,39851,1470,7,SC,Delhi,Medicine,AIIMS Delhi
9.641592812938626,8.131101608157078,95649,30874,188057,1368,0,SC,Delhi,Medicine,AIIMS Delhi
7.140920741586571,5.656224388411938,25557,620,113712,877,5,SC,Maharashtra,Mechanical,MIT
9.833274095218348,5.16263089745626,59043,33651,11095,993,0,ST,Karnataka,Computer Science,IIT Bombay
9.818099885446264,9.604239239078435,18100,25373,87960,1084,0,OBC,Tamil Nadu,Medicine,MIT
9.265047277336802,8.08325157260369,45097,3643,164491,1326,7,ST,Tamil Nadu,Electrical,IIT Bombay
6.4722444603479286,8.98268645488088,71987,28002,5742,1323,6,ST,Karnataka,Medicine,AIIMS Delhi
6.9254886430096265,7.4076117575627505,13231,34065,111586,1412,2,General,Karnataka,Medicine,IIT Bombay
9.255683357584285,5.586540944811972,29010,29291,122565,955,5,ST,Karnataka,Mechanical,AIIMS Delhi
6.584610025781388,5.625928961012752,70970,14123,68799,1139,8,SC,Maharashtra,Electrical,IIT Bombay
5.847463733430462,8.427826436144857,33867,24821,116027,924,6,SC,Delhi,Electrical,Stanford University
7.784006312291751,7.1515294744973135,84247,2896,110131,1079,2,General,Tamil Nadu,Electrical,IIT Bombay
9.680773870803904,6.002623633501684,76976,5367,22165,1421,5,General,Maharashtra,Mechanical,Stanford University
8.480148983374864,7.457972733707185,41856,8712,166668,1457,3,General,Karnataka,Electrical,IIT Bombay
7.850305850446825,5.3210446853756705,81558,19597,30258,1527,2,General,Karnataka,Electrical,IIT Bombay
5.485882468853843,7.909857009571994,6417,18794,145284,1473,8,General,Delhi,Medicine,MIT
8.07503613349585,6.344967022175489,72517,8200,95990,927,9,ST,Karnataka,Medicine,MIT
9.950269250521316,8.987795503185941,55916,10718,136305,1113,1,General,Maharashtra,Electrical,AIIMS Delhi
5.7004200761826205,6.551809794617869,18059,36192,198826,1131,0,ST,Maharashtra,Computer Science,MIT
7.591648261818683,7.276100745409006,76638,10212,52692,949,1,OBC,Delhi,Computer Science,IIT Bombay
9.386865359639778,5.058102699540504,40719,45551,79769,1253,6,General,Maharashtra,Electrical,MIT
8.703843088771022,5.362234438972794,32603,23361,156686,835,9,General,Tamil Nadu,Computer Science,IIT Bombay
8.48507870497634,6.962467782033424,74659,21543,14027,1484,0,ST,Maharashtra,Mechanical,Stanford University
8.512420419935546,7.399694173585617,78113,31313,184608,1219,5,OBC,Maharashtra,Medicine,IIT Bombay
6.797455756098776,8.000102740596517,58068,45243,30909,821,6,ST,Maharashtra,Mechanical,AIIMS Delhi
6.467959221322467,6.458312893546516,27517,36436,183186,1005,8,ST,Tamil Nadu,Medicine,Stanford University
9.046805777392567,8.474909430632714,87970,28248,19611,1438,7,General,Karnataka,Computer Science,AIIMS Delhi
9.050566973395904,9.300611985946023,1090,22358,177719,1155,5,SC,Maharashtra,Computer Science,AIIMS Delhi
9.335361592900519,8.89925494446675,37347,41046,63186,1239,2,SC,Delhi,Electrical,AIIMS Delhi
9.566202762782357,5.198094126741786,74664,27692,72568,1528,7,ST,Tamil Nadu,Computer Science,MIT
7.556711994304689,7.4025347362891445,10488,12425,178647,895,6,General,Delhi,Computer Science,AIIMS Delhi
7.507581473435998,5.524650892090874,156,18853,36183,963,2,OBC,Maharashtra,Electrical,Stanford University
8.991475894833876,6.210225079312638,67495,22602,116137,947,8,SC,Delhi,Electrical,IIT Bombay
8.249819653888826,9.933312966335732,76230,18021,131643,1329,1,OBC,Maharashtra,Medicine,AIIMS Delhi
8.509834386288517,5.712477714507566,38548,8156,19289,1093,2,SC,Tamil Nadu,Computer Science,Stanford University
8.978963347180505,7.49444076725678,28796,3584,78825,994,1,General,Delhi,Medicine,AIIMS Delhi
9.450026709087831,8.090778671590595,55297,15516,160950,1462,0,ST,Delhi,Medicine,IIT Bombay
6.689975784257679,8.51232485272052,21448,36778,84426,1279,3,OBC,Maharashtra,Mechanical,Stanford University
6.87791476319972,7.798243417434571,36599,19711,918,922,4,OBC,Maharashtra,Computer Science,Stanford University
5.469909699204345,5.048854237095918,41815,43179,75603,1199,5,ST,Karnataka,Computer Science,IIT Bombay
7.89140070498087,6.632306541219959,90752,24533,64576,1498,4,OBC,Maharashtra,Mechanical,Stanford University
5.17971136898371,7.588558216923557,75331,18602,72519,1251,0,SC,Maharashtra,Medicine,IIT Bombay
7.327990090662301,5.439332495724167,98746,4968,39105,1460,2,ST,Karnataka,Computer Science,Stanford University
7.713223173537883,6.753134656045904,87961,18754,149135,903,0,SC,Maharashtra,Medicine,Stanford University
6.432706260641422,5.166015543956833,63279,20023,17000,1554,4,SC,Maharashtra,Mechanical,IIT Bombay
7.954166302845054,5.3928924857751035,55078,43464,192918,1261,4,General,Karnataka,Electrical,IIT Bombay
5.152501249695247,6.98461638100798,71907,9136,141014,1542,5,SC,Tamil Nadu,Medicine,Stanford University
5.186740943746072,5.6635787702153015,9529,5723,61170,1517,7,General,Tamil Nadu,Computer Science,Stanford University
9.113002803298292,7.83770424130779,93813,27414,154543,1509,9,OBC,Maharashtra,Electrical,IIT Bombay
6.800953207056315,8.447324845686328,50101,27237,129745,1195,0,OBC,Maharashtra,Medicine,MIT
5.635302563259424,9.002933495545413,8180,15515,110685,1136,3,General,Karnataka,Medicine,IIT Bombay
7.611216300274021,6.00075122122405,48782,43897,59822,1398,9,SC,Karnataka,Electrical,Stanford University
8.849967765493055,5.837412911295349,55268,37213,175508,941,0,ST,Tamil Nadu,Electrical,Stanford University
6.079105137484216,5.522839201672001,82380,40387,135602,1116,8,ST,Delhi,Electrical,Stanford University
8.114452379095,8.182151247718183,23953,20332,12193,1510,6,General,Maharashtra,Computer Science,IIT Bombay
5.42673732496884,8.532378632434506,53799,18061,74103,1357,6,OBC,Delhi,Computer Science,Stanford University
5.258408605843038,5.15793072412821,98697,1197,114895,1599,4,OBC,Delhi,Medicine,MIT
7.65677315784074,9.68106123121845,50940,12298,86796,1326,6,ST,Karnataka,Medicine,AIIMS Delhi
7.7031756080505325,5.259856418257362,29517,2788,165160,1355,1,General,Maharashtra,Mechanical,MIT
8.187149507491032,7.706481676505352,56527,23817,66678,1200,3,ST,Maharashtra,Computer Science,IIT Bombay
8.630456668613308,8.545302597254583,10450,40696,135700,1480,6,SC,Karnataka,Medicine,Stanford University
9.879260397312674,9.354845618730428,50291,19703,187614,1109,2,SC,Delhi,Electrical,IIT Bombay
7.581501741505976,8.570434660662139,86662,25243,199299,1294,1,General,Karnataka,Electrical,AIIMS Delhi
6.61478236470623,9.00864041534896,72955,2177,134328,1355,9,General,Tamil Nadu,Computer Science,IIT Bombay
8.975930973843518,6.69725096271403,22747,20128,188506,1409,1,SC,Maharashtra,Electrical,Stanford University
6.3541612563103715,9.074125568732562,67991,41561,136286,1572,0,OBC,Tamil Nadu,Mechanical,AIIMS Delhi
7.1948571035281805,5.400574231923375,58811,27229,102413,908,4,General,Karnataka,Medicine,AIIMS Delhi
5.39228190671133,9.474083280302638,83298,20209,19405,1594,5,SC,Maharashtra,Medicine,Stanford University
5.126753717077287,7.737961880768681,15224,28483,116546,1171,5,SC,Tamil Nadu,Medicine,Stanford University
9.813242073389626,9.086488849812469,72238,9172,156453,1415,8,OBC,Tamil Nadu,Computer Science,Stanford University
9.17990060256103,7.261591422591501,2598,35220,150246,1567,3,OBC,Delhi,Electrical,IIT Bombay
8.479871030468491,8.217888475982624,65678,33397,184100,1005,0,OBC,Maharashtra,Mechanical,MIT
7.044764722071349,7.632013304680566,2660,42590,23990,842,5,OBC,Tamil Nadu,Computer Science,IIT Bombay
5.866471600354229,8.65794760877666,86517,40547,108107,1044,4,ST,Tamil Nadu,Medicine,IIT Bombay
5.78218521335543,5.4081499101529475,74568,3697,24520,1086,9,OBC,Delhi,Mechanical,MIT
6.251214490822976,5.301760419952819,15038,20059,22440,1154,5,ST,Tamil Nadu,Medicine,Stanford University
7.746133323530602,6.235516170050732,46739,20314,118571,1584,2,General,Tamil Nadu,Medicine,Stanford University
8.572979613500312,5.797723400565942,71679,19150,14996,1275,1,SC,Tamil Nadu,Computer Science,MIT
8.300986883588656,9.358917832961009,12110,45741,23560,882,5,ST,Delhi,Medicine,MIT
6.399669484729714,6.096069936790221,22011,41076,89050,909,0,General,Tamil Nadu,Mechanical,IIT Bombay
9.774326403315971,9.879326279095658,8788,4957,136094,989,6,General,Tamil Nadu,Medicine,AIIMS Delhi
8.689484583478842,6.684478958855534,8473,10196,98001,1599,6,ST,Maharashtra,Electrical,MIT
7.771770262557004,5.9105895784434965,23384,17077,152192,1050,9,General,Maharashtra,Medicine,IIT Bombay
8.058603731171761,8.948492535712395,61710,1106,182612,1523,6,General,Delhi,Computer Science,AIIMS Delhi
7.09800031213895,8.29353887750438,69786,15418,39351,1090,9,ST,Karnataka,Mechanical,Stanford University
6.238654947505787,7.490978582265695,34519,24730,177296,1444,0,General,Maharashtra,Computer Science,Stanford University
6.779863393256308,7.776817754688157,53910,46957,25518,1000,3,OBC,Delhi,Electrical,IIT Bombay
8.789230552321845,8.596008891361318,18352,30100,153323,1596,6,OBC,Tamil Nadu,Medicine,IIT Bombay
5.071967443148779,6.142273706656494,69625,32599,89133,1125,8,SC,Tamil Nadu,Computer Science,MIT
5.580363202534581,9.98166958028371,53331,29962,197871,1310,4,General,Delhi,Computer Science,Stanford University
5.230013210108764,9.873965810733916,15283,12603,185272,1208,1,SC,Tamil Nadu,Computer Science,IIT Bombay
5.203644011594851,8.251628431734684,84867,9257,59547,1406,6,OBC,Tamil Nadu,Computer Science,Stanford University
9.277302920055035,5.997712254645726,21779,20585,105687,1589,9,OBC,Karnataka,Electrical,Stanford University
8.518289296900118,8.401141212156457,24265,46981,88152,1307,0,OBC,Tamil Nadu,Electrical,MIT
7.370869145436626,5.360992044895879,59676,34682,3328,1530,6,General,Maharashtra,Medicine,AIIMS Delhi
5.489170803255007,5.15326251102903,5076,25793,120319,1400,5,General,Tamil Nadu,Medicine,MIT
7.458079375584162,6.288414442556069,75949,21905,160841,871,6,OBC,Delhi,Mechanical,IIT Bombay
7.367358853902829,7.313114783696582,48455,43362,195491,1046,9,SC,Karnataka,Electrical,MIT
5.866009349550076,9.341362527041902,28366,34541,173861,1440,2,SC,Tamil Nadu,Computer Science,MIT
7.169258246189865,8.635845348831541,72767,26537,115946,1523,2,ST,Delhi,Computer Science,Stanford University
6.992523671986867,8.713532605999905,48201,19165,46831,1407,6,OBC,Maharashtra,Mechanical,MIT
8.079250490261082,7.127466672240377,11003,12997,52447,1386,1,SC,Tamil Nadu,Computer Science,IIT Bombay
8.175468254338218,6.729674962734815,13948,2872,146233,1365,0,OBC,Karnataka,Mechanical,AIIMS Delhi
5.226520048860222,6.855193814923013,79223,46003,187656,1143,8,SC,Tamil Nadu,Medicine,MIT
6.873063073132356,9.938247818680289,94841,49813,165071,853,8,ST,Delhi,Electrical,MIT
8.129299578571182,5.200545957062412,78611,22627,158303,1529,6,ST,Karnataka,Mechanical,AIIMS Delhi
7.515681292900439,9.335157480612242,52143,10522,140149,1327,6,OBC,Tamil Nadu,Computer Science,IIT Bombay
9.28244920594161,7.893377042861967,56308,43411,69342,1410,2,SC,Maharashtra,Mechanical,IIT Bombay
8.293468158094726,7.193077095947952,4494,1133,31086,1331,9,General,Karnataka,Medicine,MIT
5.8146721354071484,8.626288302075682,50086,33468,55572,1357,1,ST,Maharashtra,Computer Science,Stanford University
5.352843737002149,7.433344707123514,34229,14535,145788,992,6,OBC,Delhi,Medicine,MIT
8.212096391031578,9.367116190408304,79677,23855,128309,857,8,OBC,Tamil Nadu,Medicine,AIIMS Delhi
5.132556552708109,9.503509320056292,51876,42999,5751,1236,0,SC,Maharashtra,Mechanical,AIIMS Delhi
7.928877906367316,7.108604634367277,31656,39066,113932,910,3,OBC,Delhi,Medicine,AIIMS Delhi
9.701151207124788,6.384138986175258,43473,45608,78769,928,5,ST,Tamil Nadu,Computer Science,MIT
7.877370889379395,7.961751642966811,49438,7813,35904,1505,6,OBC,Delhi,Medicine,MIT
6.940849631032609,9.561816728083455,49417,4558,163166,1125,9,OBC,Maharashtra,Medicine,IIT Bombay
8.216441092211767,6.053310945028333,59712,2180,91037,807,6,General,Delhi,Mechanical,Stanford University
7.291264452457583,8.114832917817413,6817,43799,87955,828,9,General,Karnataka,Medicine,MIT
7.728083946579675,8.157801100462603,77176,9066,165387,911,1,ST,Tamil Nadu,Electrical,IIT Bombay
9.707324043882625,8.665565112076404,64308,8276,179298,1472,3,SC,Delhi,Mechanical,MIT
6.930513189003872,5.6578384256362995,46734,47858,83015,930,4,General,Maharashtra,Mechanical,IIT Bombay
9.805952819119572,8.579124823410442,95029,35949,166252,987,0,SC,Tamil Nadu,Computer Science,IIT Bombay
9.526753209780319,9.545162603328205,11241,20701,117306,1474,0,ST,Karnataka,Computer Science,Stanford University
5.978955673946482,5.898415544351209,98235,39465,156411,1508,9,General,Tamil Nadu,Computer Science,MIT
5.346806504375827,6.187716624619388,92494,42352,32102,1274,2,SC,Karnataka,Computer Science,IIT Bombay
5.503890006887133,9.856975470208198,98345,27795,2776,1163,9,General,Tamil Nadu,Electrical,AIIMS Delhi
5.091109128257749,5.904884763547448,71364,28784,111498,1003,2,ST,Delhi,Mechanical,AIIMS Delhi
5.472214803779642,9.271925466847897,32763,16999,45620,1011,7,ST,Delhi,Medicine,AIIMS Delhi
8.415033867081785,7.461389282240174,8260,13870,176911,1420,8,General,Maharashtra,Computer Science,Stanford University
5.355943242301145,6.236155372015885,50140,44526,150612,1075,0,SC,Karnataka,Computer Science,IIT Bombay
6.594878151468807,9.353749506362558,14850,28153,57125,872,1,OBC,Maharashtra,Computer Science,Stanford University
9.224376554847272,7.2265262750133274,81769,20955,65150,1478,9,OBC,Delhi,Medicine,MIT
5.116359678679129,7.574086769648451,89710,31556,26617,1571,1,General,Karnataka,Computer Science,MIT
9.072342412944678,6.796166846998828,54870,16655,185640,1042,3,SC,Maharashtra,Medicine,IIT Bombay
6.409273873867,7.964754257174637,63096,45027,168172,1586,1,OBC,Maharashtra,Mechanical,AIIMS Delhi
5.590824138108282,5.817619362925114,70911,35237,61800,901,6,ST,Maharashtra,Mechanical,IIT Bombay
8.483685826820754,6.955407683258803,86711,46977,90222,1484,8,SC,Maharashtra,Mechanical,IIT Bombay
8.14471423389942,9.847061611676438,23568,15043,114880,970,6,OBC,Maharashtra,Electrical,IIT Bombay
9.387360067635264,6.2906671635056375,35293,25967,25480,1452,5,SC,Karnataka,Medicine,Stanford University
8.67535521901943,8.28368332270646,74814,48408,177245,987,9,General,Maharashtra,Computer Science,MIT
9.017404651924242,6.625950321123474,97137,44315,99166,1240,0,SC,Karnataka,Computer Science,IIT Bombay
6.410172862856532,8.867365628433003,51632,45096,55864,885,9,OBC,Maharashtra,Computer Science,IIT Bombay
5.887197718898614,5.654368303591749,9886,14271,173116,1275,8,General,Delhi,Computer Science,IIT Bombay
8.753073758204291,9.849105225392723,59660,30909,82570,851,4,SC,Delhi,Electrical,Stanford University
9.034173696336321,7.268947706918196,54307,15524,146481,910,4,ST,Maharashtra,Computer Science,Stanford University
9.952525710003368,6.18025231673232,66315,47069,189053,842,5,OBC,Tamil Nadu,Electrical,Stanford University
7.063088384557132,5.367483736650064,65088,19992,16352,1010,8,General,Delhi,Medicine,IIT Bombay
6.860090428963916,5.848789525437704,29166,10776,135204,999,7,SC,Karnataka,Mechanical,AIIMS Delhi
8.882064803709984,7.598869742780089,58930,12266,44826,1551,7,ST,Maharashtra,Computer Science,AIIMS Delhi
6.704017701265089,6.685015882156431,67029,19460,11350,1426,7,OBC,Karnataka,Mechanical,AIIMS Delhi
9.653786628017823,9.144416829413046,95999,16674,192004,825,0,ST,Tamil Nadu,Medicine,MIT
9.29206375921506,7.1544376183090295,49813,27057,44255,1098,0,SC,Maharashtra,Medicine,IIT Bombay
7.1449701368750915,6.24357136293815,50501,6615,38226,876,7,SC,Delhi,Computer Science,AIIMS Delhi
8.754355338957486,8.08572493302015,79152,36021,12454,936,4,General,Karnataka,Medicine,AIIMS Delhi
8.772714370423412,8.533886084427229,58644,7416,149887,819,8,ST,Delhi,Mechanical,AIIMS Delhi
5.5156193441796635,5.835209539504749,44901,23156,149336,1239,1,General,Delhi,Computer Science,IIT Bombay
9.512764533397833,5.838096081441588,42947,49431,77695,1010,8,OBC,Maharashtra,Electrical,AIIMS Delhi
7.526261862239286,5.183357134667715,7852,43885,15736,1551,7,General,Karnataka,Computer Science,AIIMS Delhi
9.13228733053871,8.682010075328202,16289,16965,146903,1350,8,OBC,Tamil Nadu,Mechanical,IIT Bombay
6.600248005153059,8.319022638109026,72693,37727,47894,1234,3,SC,Delhi,Computer Science,MIT
9.477616142481002,7.373154378749069,67581,37045,175746,1579,0,SC,Maharashtra,Computer Science,Stanford University
6.946008393670816,9.220852244845986,7369,37545,127007,1006,0,ST,Maharashtra,Mechanical,AIIMS Delhi
5.054188257401492,9.028350764750266,85437,49977,45067,1238,4,OBC,Tamil Nadu,Computer Science,Stanford University
9.52690988209632,7.926771821983761,96137,32253,134446,1578,1,SC,Maharashtra,Computer Science,MIT
5.456433383930667,9.341356402566294,46404,3833,141408,1465,7,ST,Delhi,Mechanical,MIT
6.596568187952075,6.029206050183841,91171,25276,154814,841,9,ST,Maharashtra,Medicine,AIIMS Delhi
9.750309835254026,5.55959809698864,9169,14902,10693,1210,4,General,Karnataka,Mechanical,IIT Bombay
9.753035734687781,6.348748057584948,86498,38214,178368,1322,4,ST,Karnataka,Computer Science,MIT
7.86718944061643,5.285434280446574,49880,34149,45542,1409,1,SC,Delhi,Electrical,Stanford University
8.159186060848995,7.65584764000516,59872,42634,165130,1226,6,General,Karnataka,Electrical,Stanford University
7.242227609891598,9.683028461474807,89389,22919,66984,1074,7,OBC,Tamil Nadu,Mechanical,Stanford University
6.466053858490323,5.196717703342548,98647,46695,150656,1247,9,OBC,Maharashtra,Electrical,Stanford University
6.64332272684958,5.610549570050134,32175,19541,153838,1541,0,SC,Delhi,Computer Science,MIT
8.362592280385192,7.260995141417176,99752,11581,190360,1168,1,SC,Tamil Nadu,Computer Science,AIIMS Delhi
8.761872647188401,9.669375087639525,92492,38403,154979,1019,9,General,Maharashtra,Mechanical,AIIMS Delhi
8.957895218629243,6.580780524883752,6582,38579,120748,1376,3,General,Tamil Nadu,Computer Science,Stanford University
8.94809071397277,7.536174043441962,71854,24918,85104,1031,4,SC,Delhi,Medicine,AIIMS Delhi
5.456030515243452,5.2078642952519605,64047,22319,177598,1127,1,SC,Delhi,Computer Science,Stanford University
7.472101523512907,5.741716004810444,49679,10180,169303,1242,0,OBC,Tamil Nadu,Mechanical,Stanford University
5.287793800083222,9.933150614794235,26650,12252,150593,851,8,OBC,Maharashtra,Medicine,IIT Bombay
7.747644411618678,9.825593482180228,88669,45900,183007,1175,0,OBC,Karnataka,Medicine,MIT
7.207652506866885,5.024699904672048,82326,19494,25567,1062,3,SC,Karnataka,Electrical,MIT
9.4385209137915,9.759058927116195,14568,20467,73194,1066,1,ST,Tamil Nadu,Computer Science,Stanford University
6.754575062760393,8.195599689077502,80405,30207,161207,1158,3,SC,Delhi,Mechanical,MIT
5.585335082138029,9.33959147260011,89907,45476,141418,1116,7,SC,Maharashtra,Electrical,AIIMS Delhi
5.714958410264179,7.273699278169295,96020,19625,121016,1123,7,OBC,Maharashtra,Electrical,Stanford University
8.80755315858736,7.577980142896251,61945,26565,172258,1465,8,SC,Delhi,Computer Science,IIT Bombay
8.091090316581305,7.444232901284601,78003,22413,130957,1451,4,General,Karnataka,Computer Science,AIIMS Delhi
5.505613380613951,8.334321287730521,28804,27991,70745,1362,6,SC,Maharashtra,Mechanical,IIT Bombay
5.420534030574987,5.698256273781564,18231,35518,33456,1428,2,SC,Tamil Nadu,Electrical,IIT Bombay
8.5048456572956,5.14986794936339,17863,13157,159091,1220,9,SC,Karnataka,Mechanical,MIT
5.363815031820968,6.539649707955954,43356,23065,54220,845,3,SC,Tamil Nadu,Electrical,MIT
9.109300296451782,8.523403813683235,31260,25712,45992,1399,9,ST,Karnataka,Electrical,Stanford University
8.531211135782481,6.009267260614742,99076,30107,73617,1519,8,SC,Delhi,Electrical,MIT
5.406743903209499,8.367162166624587,87446,16590,87439,1068,9,General,Tamil Nadu,Computer Science,IIT Bombay
5.42418857042596,9.849560230536351,30796,23737,116842,1400,9,General,Tamil Nadu,Electrical,IIT Bombay
9.933197892505877,5.469503578947092,8771,20976,140559,1180,0,SC,Delhi,Electrical,AIIMS Delhi
6.8713539787806015,8.363010591125631,11094,36219,169935,917,1,OBC,Tamil Nadu,Electrical,IIT Bombay
6.8532107353344545,7.218751096522856,46572,7215,58871,1365,4,ST,Karnataka,Medicine,Stanford University
9.063997836287513,9.340711271887526,194,30582,86695,915,2,SC,Maharashtra,Computer Science,Stanford University
9.736242886919293,5.885748947236929,17570,20196,43857,1429,1,SC,Maharashtra,Medicine,MIT
9.930005319114354,8.463129761130823,11191,44583,101408,1059,0,SC,Delhi,Computer Science,MIT
8.766890926294709,9.190576448240552,62825,27128,31380,874,9,OBC,Karnataka,Mechanical,MIT
6.881297927654579,9.723071097370116,42753,5142,64730,1279,2,OBC,Tamil Nadu,Medicine,Stanford University
5.417503583493344,8.41624014144823,32328,28885,159451,1104,0,OBC,Tamil Nadu,Mechanical,IIT Bombay
8.885734579637184,7.485873820042137,42071,24886,54354,806,0,ST,Maharashtra,Electrical,MIT
7.792021248679025,8.08923620100607,85926,2709,181069,1165,0,General,Tamil Nadu,Mechanical,AIIMS Delhi
7.1211100462348815,9.34452492239359,40198,18376,14032,1433,7,ST,Maharashtra,Mechanical,MIT
9.53177192547368,7.853048733194148,2262,15089,65983,1322,2,OBC,Delhi,Mechanical,Stanford University
5.555987411530757,5.151935298484184,93906,44603,36684,1147,0,General,Tamil Nadu,Mechanical,MIT
7.4631255214542955,9.65474347753489,26513,45047,114092,1237,6,General,Karnataka,Computer Science,IIT Bombay
5.0567682238370955,8.447633755157806,6717,10015,117798,1014,9,OBC,Tamil Nadu,Medicine,MIT
7.343303209970632,8.382566928886233,86796,3274,148691,1228,2,OBC,Maharashtra,Computer Science,Stanford University
5.2815163784091865,6.078375761988585,28934,47136,6588,1590,7,ST,Delhi,Computer Science,Stanford University
5.594089581340359,8.294427351163286,4379,37307,62791,1297,3,OBC,Maharashtra,Computer Science,AIIMS Delhi
5.587631233885524,6.969322028270792,40584,30882,31481,1339,3,General,Tamil Nadu,Mechanical,Stanford University
8.246051510580319,8.256164885207461,85372,31487,151600,1546,4,SC,Maharashtra,Computer Science,AIIMS Delhi
8.730224396327117,5.532965151539954,29034,12542,23570,1166,5,OBC,Maharashtra,Medicine,IIT Bombay
7.916843825485798,8.28922652301518,24001,8713,11152,1112,6,OBC,Delhi,Computer Science,Stanford University
9.81086274237271,9.997068628853333,75869,9169,190247,1337,3,ST,Karnataka,Electrical,MIT
6.87435289761852,5.24106019430278,42605,3552,44740,853,7,ST,Tamil Nadu,Mechanical,IIT Bombay
6.428560431409304,9.885870921106587,68337,12298,32955,1340,5,OBC,Delhi,Electrical,MIT
9.3429956409473,7.0345398036143525,95075,43734,109374,1266,0,General,Karnataka,Medicine,MIT
6.117979192597263,9.353767251686296,95656,27129,166376,963,0,General,Maharashtra,Medicine,MIT
9.816112697203057,8.911927420291367,73870,2833,34701,1581,8,SC,Karnataka,Medicine,IIT Bombay
5.0607723734490815,7.835081304933339,5411,28484,123729,1133,9,OBC,Maharashtra,Medicine,IIT Bombay
9.849394133538194,8.692246046256633,83376,22064,198641,1346,5,ST,Maharashtra,Computer Science,Stanford University
5.215799559752881,9.39257780650674,56045,22964,66789,1597,9,General,Delhi,Mechanical,MIT
9.455715568490355,7.020701608255164,63316,13423,71046,1147,7,SC,Maharashtra,Medicine,AIIMS Delhi
7.638505545431499,6.635165807816193,96056,32921,168915,1072,6,OBC,Delhi,Electrical,Stanford University
9.964823980596503,8.337966927817924,71345,11157,144973,1519,5,General,Karnataka,Medicine,IIT Bombay
5.368982823676994,9.039229709706293,6797,11109,127993,1549,3,OBC,Karnataka,Mechanical,AIIMS Delhi
7.769271422006604,8.811425673883079,86717,31846,80060,1213,6,OBC,Maharashtra,Electrical,IIT Bombay
9.846512678095495,8.989068244293172,54246,2801,1882,1299,8,General,Delhi,Electrical,AIIMS Delhi
7.615489220850744,7.177916574064665,43057,38079,164110,892,9,General,Maharashtra,Electrical,Stanford University
8.146993190676312,9.089171080875108,17710,42713,132703,1484,9,General,Delhi,Computer Science,AIIMS Delhi
8.478743444923087,5.601045276853042,58558,2611,20790,878,6,OBC,Delhi,Medicine,Stanford University
7.272705323838866,7.722445489804247,17544,12068,126084,1421,0,OBC,Delhi,Computer Science,IIT Bombay
8.137790400420318,5.028793302490608,37419,33873,88060,1016,9,SC,Karnataka,Electrical,AIIMS Delhi
7.921571559615501,6.622929149501351,94612,10729,46152,1157,8,ST,Delhi,Computer Science,MIT
9.505790052454945,6.83230767435699,96039,29567,179993,1417,3,OBC,Karnataka,Computer Science,MIT
5.227231901707289,6.980863458046277,16725,29784,109389,1306,2,ST,Delhi,Computer Science,IIT Bombay
6.4048159479611515,8.477336033449312,3829,20584,198304,1358,3,General,Karnataka,Medicine,AIIMS Delhi
9.752057420382794,6.942790506351729,17088,20239,3263,980,3,OBC,Tamil Nadu,Electrical,MIT
9.451318919454582,7.2434681131126535,12606,7264,66982,1375,9,SC,Karnataka,Electrical,Stanford University
7.278283763928565,6.187720654371637,31338,1915,120952,1045,1,SC,Karnataka,Medicine,AIIMS Delhi
8.100662989007684,6.8662589581467,5483,23750,123100,1043,0,ST,Maharashtra,Computer Science,AIIMS Delhi
6.386905914905663,6.136348136315757,65334,19457,81973,1305,9,General,Delhi,Computer Science,MIT
5.940605798618806,5.365979618842218,92542,25583,75486,1221,0,ST,Tamil Nadu,Mechanical,Stanford University
7.318492024699911,8.01724296690689,88297,407,54723,1119,7,General,Maharashtra,Mechanical,Stanford University
6.766761140130264,8.341063992775082,50953,13690,89500,886,1,SC,Delhi,Mechanical,Stanford University
7.91828055925436,8.097451730048073,5464,32935,181891,1016,9,ST,Tamil Nadu,Medicine,AIIMS Delhi
5.388673184824924,7.317470219002862,70449,33277,161005,1289,4,SC,Tamil Nadu,Electrical,IIT Bombay
9.871974038330833,6.8989289008961485,4649,36433,6902,1318,3,SC,Tamil Nadu,Mechanical,AIIMS Delhi
9.931053722398016,9.316668247859127,33624,19874,117474,1077,7,General,Delhi,Electrical,AIIMS Delhi
8.490808570098725,7.59540892568109,59157,13051,8598,1521,1,ST,Tamil Nadu,Electrical,MIT
7.680481831720602,7.395909388148655,35635,681,129632,968,9,ST,Tamil Nadu,Electrical,IIT Bombay
6.547638081431639,5.1282103290321785,44603,18909,63910,1129,8,SC,Maharashtra,Medicine,Stanford University
9.068975098534743,6.7062391381307815,49335,18505,72392,1449,6,SC,Karnataka,Medicine,MIT
8.423655862769397,6.900978093929285,68649,21645,139336,1240,6,General,Delhi,Medicine,AIIMS Delhi
5.813084696724457,6.994113904484502,22055,37126,63294,1190,0,OBC,Karnataka,Medicine,IIT Bombay
9.554635922469213,7.900861846136662,70029,1364,156878,1295,1,OBC,Maharashtra,Mechanical,Stanford University
9.112686214615845,7.668012733634392,22208,42292,11875,1180,3,SC,Karnataka,Computer Science,Stanford University
9.74899956645962,8.039525463967223,80651,35061,86403,1105,3,OBC,Tamil Nadu,Computer Science,AIIMS Delhi
8.6285975419418,8.824416307710642,99822,1539,14080,1541,2,OBC,Tamil Nadu,Computer Science,Stanford University
8.06707597967895,9.064928693580468,81555,36177,180923,1472,6,OBC,Delhi,Mechanical,Stanford University
7.091215181453094,8.590615381132473,21387,41521,72780,1312,7,OBC,Delhi,Computer Science,IIT Bombay
9.663642416770067,9.777618479774674,83277,25676,95409,1547,1,SC,Delhi,Mechanical,MIT
9.330319447502042,5.091162913381808,59519,18288,140091,987,3,OBC,Maharashtra,Mechanical,IIT Bombay
5.226093350530947,5.978889928417731,52782,175,120607,1315,2,OBC,Delhi,Mechanical,MIT
5.13183487248626,5.0378143748907105,52781,26733,180573,1443,1,General,Maharashtra,Computer Science,MIT
6.882316834390248,8.237373570773014,61441,34999,120063,1226,5,SC,Tamil Nadu,Electrical,MIT
9.052766653909163,9.490152744749935,44200,37056,12101,1301,3,ST,Karnataka,Computer Science,Stanford University
9.936380646574722,6.217411482881497,61036,12113,57022,1529,5,ST,Tamil Nadu,Computer Science,IIT Bombay
5.752084455517641,9.635172723981533,8211,39875,150873,1059,1,General,Tamil Nadu,Medicine,Stanford University
7.970653576760675,5.301336951447804,44364,9690,128127,1312,3,General,Tamil Nadu,Mechanical,AIIMS Delhi
6.904454283155108,9.67218013402757,78280,44815,194473,870,5,SC,Delhi,Electrical,IIT Bombay
9.849571989073016,6.7581134361981725,60349,19556,92447,1277,4,ST,Delhi,Medicine,MIT
9.210594615678543,5.5071041422460825,55285,33920,29438,977,2,OBC,Delhi,Electrical,Stanford University
9.19164352355569,7.429358795931629,72125,7620,177748,1256,7,General,Karnataka,Electrical,Stanford University
7.343465798974851,6.28388283860254,68848,6034,151015,988,6,ST,Delhi,Mechanical,IIT Bombay
7.074097511688326,6.424364509809614,22433,41329,20863,1090,2,SC,Maharashtra,Computer Science,IIT Bombay
6.367035359653531,6.536449824631433,64090,4947,11670,1319,5,OBC,Tamil Nadu,Mechanical,MIT
5.281877483254636,9.015129489163318,55399,24619,121220,1564,3,SC,Karnataka,Mechanical,MIT
9.323611881275266,7.695806383376272,99292,34676,184845,1091,4,General,Karnataka,Medicine,AIIMS Delhi
9.064505045650389,6.556538495780018,3322,36259,15917,1555,4,ST,Karnataka,Mechanical,MIT
9.998588366430653,8.051668916554592,81349,18920,10879,1434,6,ST,Karnataka,Computer Science,Stanford University
9.983184185369527,8.580753371115968,37384,4174,2986,1082,4,ST,Karnataka,Electrical,AIIMS Delhi
7.777158528013137,6.363120003667669,78683,43834,41236,1343,2,ST,Maharashtra,Mechanical,AIIMS Delhi
8.844937075902553,7.067745507626757,79191,26401,18932,1176,9,OBC,Tamil Nadu,Electrical,AIIMS Delhi
9.723828649412141,5.609430466684738,52894,4770,92877,1457,4,OBC,Karnataka,Mechanical,IIT Bombay
9.248236953387057,5.905746747673401,35821,37565,337,955,6,SC,Tamil Nadu,Electrical,MIT
6.236740508715988,8.405589269824914,66263,45815,42934,1307,4,OBC,Delhi,Mechanical,AIIMS Delhi
7.252720676550467,5.907191738478135,3761,14212,45537,1212,4,General,Karnataka,Medicine,IIT Bombay
5.645797075757475,7.625816918335301,22191,23256,69505,1327,8,General,Karnataka,Electrical,IIT Bombay
9.770255136293612,8.545231308612163,67412,27963,99215,1154,2,ST,Tamil Nadu,Mechanical,AIIMS Delhi
8.0308731722544,5.534384615473719,23378,19357,182221,1358,5,General,Karnataka,Mechanical,AIIMS Delhi
6.143214027517313,7.836561098144518,46738,20307,113937,1562,0,SC,Karnataka,Medicine,Stanford University
8.358503422029283,6.282813918506819,69570,4998,16280,986,9,OBC,Karnataka,Medicine,AIIMS Delhi
8.09064120228948,9.8146343761879,38212,17377,199738,830,4,OBC,Maharashtra,Medicine,Stanford University
6.790813590164202,7.4177282335996235,82910,40881,103752,1059,7,OBC,Maharashtra,Electrical,AIIMS Delhi
5.567787960998145,9.029962748875791,3745,38056,104434,1220,4,General,Karnataka,Electrical,AIIMS Delhi
8.357865977963998,7.751132710781309,24996,10579,71387,1328,8,OBC,Maharashtra,Medicine,MIT
7.601538504518967,5.217062664274096,16978,18625,86125,1350,5,ST,Delhi,Computer Science,AIIMS Delhi
8.861591958678197,8.16575687797011,97939,39195,105751,1103,7,ST,Karnataka,Computer Science,AIIMS Delhi
7.6008175055599665,9.757016711033284,34543,44368,77486,838,9,ST,Delhi,Mechanical,Stanford University
9.260907501592701,8.008059100731657,10652,390,74056,1288,7,General,Tamil Nadu,Computer Science,Stanford University
7.759534193872428,9.09594429713395,99240,33768,91912,1443,2,OBC,Delhi,Mechanical,MIT
7.804689857676932,9.42103231674204,78932,45581,98619,1341,6,General,Tamil Nadu,Electrical,AIIMS Delhi
9.383268013291726,6.140398859744662,95345,48368,197743,1469,6,OBC,Karnataka,Electrical,AIIMS Delhi
7.017414331061985,6.060224199541134,16716,1856,185101,1077,9,SC,Tamil Nadu,Computer Science,Stanford University
5.670076142253204,8.05490494425496,44410,40894,113893,1002,5,SC,Tamil Nadu,Electrical,IIT Bombay
5.143913381566695,7.055142349033524,24307,13795,71129,865,6,General,Delhi,Medicine,IIT Bombay
8.775686278368095,9.199306514333601,19087,35532,149181,907,1,ST,Delhi,Medicine,IIT Bombay
8.101547756767324,9.500115616990055,14377,4987,52496,1067,8,General,Delhi,Computer Science,Stanford University
8.520398840496117,6.7671068965135905,61351,32299,82807,1021,9,ST,Karnataka,Computer Science,Stanford University
6.064820807544553,6.18435279487241,71426,1482,93186,1329,9,OBC,Karnataka,Mechanical,IIT Bombay
5.681857377933849,8.90262757621931,36637,3732,187903,889,0,ST,Delhi,Electrical,IIT Bombay
5.07272332833941,6.37403017774068,86121,16836,183582,1492,0,ST,Karnataka,Mechanical,AIIMS Delhi
6.752937794032984,9.113071592568392,51650,27799,197479,1054,2,OBC,Karnataka,Mechanical,Stanford University
7.949588434273165,7.118691268243814,34611,26114,170592,1254,2,SC,Tamil Nadu,Medicine,Stanford University
6.9612202254986615,8.337749496457352,10059,19478,49650,1052,0,OBC,Tamil Nadu,Medicine,IIT Bombay
7.1873746101186455,5.477676569173341,74638,17267,165597,1056,6,General,Delhi,Medicine,IIT Bombay
9.520793472468743,8.119296623382866,78034,20793,164958,1182,3,General,Karnataka,Medicine,MIT
6.741277335116502,7.258838393686146,70195,20453,175442,1241,9,General,Tamil Nadu,Mechanical,Stanford University
7.569947445799054,7.933042315877371,76918,43527,95403,1398,1,General,Maharashtra,Medicine,MIT
8.918265063705714,5.840071038724317,64201,49080,30677,889,9,General,Karnataka,Electrical,AIIMS Delhi
6.982713911606351,8.68436872472091,46620,41335,64094,1548,4,SC,Maharashtra,Medicine,MIT
8.110433501139367,9.313985387716142,17155,11890,178837,1189,5,SC,Delhi,Medicine,IIT Bombay
9.311818543733725,6.083699000453878,19540,24336,181872,1381,8,ST,Karnataka,Medicine,Stanford University
9.747603118288211,5.478572777600808,60059,11255,79415,843,3,General,Delhi,Computer Science,Stanford University
5.7353674046451895,5.118192930231682,62069,21075,93096,1511,1,OBC,Delhi,Electrical,MIT
9.632938125807472,8.20985750221633,77314,11443,72308,1463,4,General,Delhi,Electrical,MIT
7.460581465397691,8.035470180443903,99933,46290,95433,1397,2,SC,Delhi,Mechanical,AIIMS Delhi
6.291221941494792,7.73348706357035,30374,37328,31924,818,1,General,Delhi,Mechanical,AIIMS Delhi
7.295678781191306,6.159735480579878,33155,16200,117450,900,0,SC,Karnataka,Medicine,IIT Bombay
9.900162876427386,6.954529979527573,6032,7292,47575,1406,9,ST,Maharashtra,Computer Science,IIT Bombay
7.463090469964348,7.972381675930865,93534,40929,174464,1565,1,ST,Karnataka,Mechanical,IIT Bombay
6.6437580514375405,7.483834294295847,71976,113,121758,1156,5,ST,Karnataka,Mechanical,MIT
8.167004271583629,9.938927601074436,22786,21516,53665,1341,7,SC,Karnataka,Medicine,MIT
6.200728093890966,5.682198762783665,78929,19582,67385,1560,2,General,Tamil Nadu,Medicine,Stanford University
5.37931664054332,8.475722770237969,28670,48693,31028,832,8,General,Tamil Nadu,Mechanical,IIT Bombay
5.644398609553246,7.021593840521461,94476,26501,166537,1028,8,OBC,Karnataka,Mechanical,MIT
5.640229194788862,7.140998074628074,2283,32027,34486,1323,1,SC,Maharashtra,Electrical,Stanford University
5.759513467561471,8.587988828290882,34625,16524,150529,1429,7,OBC,Karnataka,Computer Science,IIT Bombay
5.694135863247051,8.462180756621848,48439,1425,35555,954,9,ST,Delhi,Electrical,AIIMS Delhi
8.204373724016072,9.956279968510941,89901,19553,46923,1222,4,General,Tamil Nadu,Mechanical,AIIMS Delhi
5.909400421995724,5.641971447270626,67535,10809,13410,1045,3,SC,Tamil Nadu,Electrical,MIT
6.728336416619316,5.520548246920832,31706,38812,36640,1204,9,OBC,Karnataka,Electrical,Stanford University
9.483942049530059,8.621694085643705,38245,6990,194700,1558,4,OBC,Karnataka,Mechanical,AIIMS Delhi
7.3698082013143615,7.891934585032045,74965,23621,19693,1340,3,OBC,Maharashtra,Medicine,Stanford University
8.337788692605136,6.37080333279903,37438,39030,89038,960,7,General,Maharashtra,Mechanical,Stanford University
5.861599356008149,5.397096844944933,77873,888,185273,1546,3,General,Delhi,Medicine,AIIMS Delhi
5.961445094043354,5.428291247982153,74879,31803,188488,1501,9,General,Karnataka,Mechanical,Stanford University
5.204343081332395,9.470954373320591,72983,19489,18075,916,5,SC,Karnataka,Mechanical,AIIMS Delhi
5.844675315360822,5.959336623593715,50584,30014,146622,1070,1,General,Karnataka,Mechanical,MIT
6.392951695159793,6.616857810577604,38393,49202,29964,1569,4,SC,Tamil Nadu,Computer Science,IIT Bombay
5.885052421383734,6.1332820111349395,7462,16403,52266,1491,5,OBC,Delhi,Medicine,IIT Bombay
5.443512668785278,6.774981529159687,10517,21206,16062,1286,4,OBC,Maharashtra,Computer Science,MIT
5.603179355503004,5.347119213730467,79286,26050,189299,971,1,ST,Tamil Nadu,Mechanical,AIIMS Delhi
7.303893840163629,7.595298954541352,17515,12254,159883,1073,6,General,Tamil Nadu,Electrical,AIIMS Delhi
6.0316685920289625,5.338062817961075,36269,18991,191079,1058,3,OBC,Tamil Nadu,Computer Science,AIIMS Delhi
6.8213493052403775,9.001782539111808,90487,7847,113503,934,7,General,Tamil Nadu,Medicine,AIIMS Delhi
7.5170863542742845,6.168560409552165,36789,25028,22801,1482,6,SC,Delhi,Mechanical,MIT
8.451974143146828,7.700059573022553,75750,39201,116193,1521,6,OBC,Karnataka,Computer Science,IIT Bombay
5.196560699205495,9.40039543780729,61050,46221,107229,1547,8,General,Maharashtra,Electrical,Stanford University
8.997051994545213,8.25438684523597,62494,46164,188840,1221,0,OBC,Maharashtra,Computer Science,Stanford University
8.139501947454539,7.664788932756677,36028,3766,28055,1220,9,OBC,Tamil Nadu,Medicine,IIT Bombay
5.4087951597443595,6.621668765576878,93548,15951,176470,985,5,General,Tamil Nadu,Computer Science,MIT
9.367893120533886,6.6650095652909895,42850,45271,13234,1163,5,OBC,Delhi,Electrical,Stanford University
9.604362002659066,8.347434775990951,17859,9742,156141,1406,5,OBC,Tamil Nadu,Electrical,IIT Bombay
5.305389799274319,9.970696806105838,84163,22743,65728,1177,5,OBC,Maharashtra,Medicine,MIT
6.384388240736019,8.309195949246893,79004,24704,90611,1322,9,OBC,Maharashtra,Electrical,Stanford University
9.031006398965307,7.788917086850125,52396,38710,70454,1379,6,SC,Karnataka,Mechanical,AIIMS Delhi
8.741298451918292,8.65325255119623,39759,37624,104136,1521,9,OBC,Karnataka,Electrical,AIIMS Delhi
5.922605096781886,7.32602806141859,54313,22932,156905,995,5,ST,Maharashtra,Mechanical,MIT
6.046746616683551,5.300711713003926,68671,23581,108465,897,0,OBC,Maharashtra,Computer Science,AIIMS Delhi
6.85236051395691,7.811484079389549,82280,15167,13683,1404,2,General,Delhi,Mechanical,MIT
7.422614925955107,9.7881264225269,15435,29241,154456,821,1,ST,Delhi,Mechanical,IIT Bombay
8.09127385765148,5.876514711788298,64048,25992,58161,1249,5,SC,Maharashtra,Computer Science,IIT Bombay
6.8445681978488615,8.450024454103328,47776,38557,23667,971,7,ST,Tamil Nadu,Electrical,Stanford University
7.31267358066574,6.004668443295282,75770,32970,58818,1182,2,ST,Karnataka,Mechanical,MIT
8.737354690668782,7.679138422365407,66678,10562,91199,933,9,ST,Maharashtra,Electrical,Stanford University
5.183416014452989,5.483382248233598,83556,16902,165715,1225,7,General,Tamil Nadu,Computer Science,Stanford University
6.262184721720104,7.251854681290926,85921,40506,41831,824,7,General,Maharashtra,Medicine,IIT Bombay
8.566747929422762,8.78081664447623,45735,30021,10235,1302,4,General,Karnataka,Electrical,Stanford University
9.476034188435996,6.737857621194911,88504,25918,57617,984,7,SC,Karnataka,Electrical,AIIMS Delhi
7.5583872105783305,8.32455862243609,40604,1989,9222,884,5,General,Delhi,Medicine,Stanford University
7.660567426326578,8.977249803948645,76709,48210,142483,1366,4,General,Delhi,Medicine,MIT
5.53586005669888,9.635889097397264,81927,44506,192486,1562,8,ST,Delhi,Computer Science,AIIMS Delhi
7.237061834117274,6.173210409277267,68804,14257,1052,943,6,General,Delhi,Electrical,IIT Bombay
7.663086332275116,6.996579579046541,39333,22193,110530,1478,7,OBC,Karnataka,Electrical,MIT
6.212352518173648,5.7620800666520875,91704,28231,76919,1211,0,General,Tamil Nadu,Computer Science,AIIMS Delhi
6.346216154746905,9.962417510791877,21313,39931,78117,1023,1,SC,Tamil Nadu,Electrical,MIT
6.886420815523113,9.635004839621477,93377,45834,122227,1019,7,SC,Tamil Nadu,Mechanical,AIIMS Delhi
5.100355988888632,7.699785651402798,84527,22626,187636,978,8,OBC,Maharashtra,Mechanical,MIT
6.610395827915891,9.210166471882106,44180,32089,44758,1430,3,SC,Delhi,Mechanical,MIT
6.057240034982723,7.60478988636021,71443,14115,121009,1232,9,SC,Delhi,Electrical,AIIMS Delhi
6.637486760889573,8.117928440013799,40380,41168,182330,1064,9,ST,Karnataka,Mechanical,IIT Bombay
5.598810659096256,5.445622160580083,17298,38402,131380,1228,8,OBC,Karnataka,Mechanical,IIT Bombay
9.452636403699476,8.77635210248404,2012,5756,56890,1461,3,ST,Maharashtra,Computer Science,MIT
7.967962267770243,5.638567418176174,44015,10826,199968,1215,9,ST,Maharashtra,Computer Science,MIT
8.395511595722448,9.130338151262642,11739,22694,35945,1252,9,General,Tamil Nadu,Medicine,IIT Bombay
8.945856193036692,8.91014043835193,94334,4118,99556,1526,9,OBC,Karnataka,Medicine,IIT Bombay
7.492210994645286,8.543723488714882,47499,24730,38135,996,8,General,Delhi,Medicine,Stanford University
5.434601440437119,5.180801902623811,11121,32183,158396,1353,6,General,Tamil Nadu,Medicine,IIT Bombay
7.685532709092739,6.515641779726643,8768,28891,25955,852,1,ST,Delhi,Computer Science,MIT
7.934205590104396,6.315562849554214,22853,29341,186094,1279,8,SC,Tamil Nadu,Computer Science,AIIMS Delhi
8.727197370921651,6.800682037357595,79240,1519,89960,1242,3,OBC,Delhi,Computer Science,IIT Bombay
7.158297731148397,5.438213733819193,930,30950,4993,1129,7,SC,Maharashtra,Mechanical,Stanford University
5.637901513977819,9.684789115155315,77488,22548,1962,1050,6,ST,Tamil Nadu,Mechanical,Stanford University
6.418879528993623,7.769011203561881,91576,16347,12498,1582,6,ST,Delhi,Medicine,Stanford University
6.815411481993175,6.527621553290118,95041,2601,163624,922,7,ST,Delhi,Mechanical,AIIMS Delhi
8.229586206658006,6.984907585371417,17439,46006,186828,1186,0,ST,Karnataka,Electrical,IIT Bombay
7.85389152334456,7.236012702524178,48516,29268,13256,1138,4,ST,Tamil Nadu,Computer Science,IIT Bombay
6.780483629489231,8.002971666803086,5745,36323,135640,1577,1,ST,Delhi,Medicine,IIT Bombay
9.932576243964899,7.578397138482488,83821,26991,48848,1147,1,SC,Karnataka,Medicine,AIIMS Delhi
8.028874096784435,9.596959866072087,42418,16194,179076,828,0,General,Delhi,Electrical,AIIMS Delhi
6.186133958679973,7.484817414529151,7070,30110,20390,834,4,SC,Tamil Nadu,Mechanical,MIT
5.508912363102018,9.960790074116563,42360,19234,175596,1317,1,OBC,Maharashtra,Medicine,Stanford University
5.7642956959216605,9.257124788725479,19800,48022,123803,1195,3,SC,Tamil Nadu,Mechanical,Stanford University
6.229788641922541,6.042552571786679,98747,16195,61577,1422,2,ST,Tamil Nadu,Mechanical,IIT Bombay
5.803406866297778,9.65297607321958,93763,34511,43920,1093,2,SC,Delhi,Electrical,AIIMS Delhi
5.932835120256529,5.58183198942738,70189,1307,3359,1388,1,General,Delhi,Medicine,AIIMS Delhi
6.425475843469235,9.087248542455958,89860,3850,88536,1148,5,OBC,Tamil Nadu,Mechanical,IIT Bombay
5.866867976473774,6.9031164673829,7598,12361,105983,946,1,SC,Karnataka,Mechanical,IIT Bombay
9.483827123132127,9.389871602225348,47094,45537,5699,866,7,General,Karnataka,Electrical,MIT
5.401168728308211,9.340283450537251,37227,29232,66810,1319,7,SC,Karnataka,Electrical,Stanford University
7.622556947851273,9.029627000588107,72128,45801,93080,921,4,OBC,Delhi,Mechanical,Stanford University
7.051984134948308,8.950152181535307,91370,36964,55806,1139,9,SC,Delhi,Electrical,Stanford University
9.911893084543031,6.523395695490204,77363,18690,162422,974,6,ST,Tamil Nadu,Mechanical,MIT
5.560194510840262,5.404596415256261,26418,29085,181321,1490,3,SC,Maharashtra,Medicine,IIT Bombay
6.989277995228708,7.014900893825807,18694,40388,75034,1396,0,General,Delhi,Computer Science,IIT Bombay
9.847352166376844,5.867622574932543,79675,9281,98240,1250,1,SC,Tamil Nadu,Electrical,Stanford University
9.327535629469901,8.474755444512308,53162,2643,130408,1356,9,General,Tamil Nadu,Computer Science,Stanford University
9.085360354746399,6.730498632688928,2170,42138,44042,935,9,OBC,Maharashtra,Mechanical,MIT
6.2895141352246995,9.878051004299575,84093,14297,31955,815,3,SC,Karnataka,Mechanical,AIIMS Delhi
5.854437936950329,8.20486038672666,22053,15439,8003,1132,0,OBC,Tamil Nadu,Mechanical,AIIMS Delhi
8.343216099622154,9.112402818171805,71850,48443,69784,994,7,OBC,Tamil Nadu,Computer Science,Stanford University
9.646879945637929,5.662623363709242,73852,37526,107525,1295,8,SC,Tamil Nadu,Mechanical,MIT
7.783814465069649,9.310072411363112,8037,2995,124858,808,3,General,Karnataka,Electrical,Stanford University
7.858063447349499,9.613785952566971,31779,47995,19739,1133,9,OBC,Karnataka,Medicine,AIIMS Delhi
6.399895468301421,7.435309594094679,27735,34040,10704,1132,2,OBC,Maharashtra,Medicine,Stanford University
8.847464665959684,8.031264688754888,23174,1814,113777,1126,1,SC,Delhi,Electrical,AIIMS Delhi
5.935218742787617,8.824049004514977,30404,27492,180495,814,4,SC,Karnataka,Medicine,AIIMS Delhi
6.618396182021218,5.874193136302063,66322,18846,192972,1413,2,SC,Delhi,Computer Science,AIIMS Delhi
7.127182193082084,7.512830382317212,71676,41244,143465,1025,9,SC,Delhi,Mechanical,IIT Bombay
7.538051893422275,6.993315138861566,6345,37165,44725,1224,6,SC,Karnataka,Mechanical,IIT Bombay
6.212048662075401,5.731869960811245,18801,42052,32300,1589,5,ST,Tamil Nadu,Mechanical,Stanford University
5.574184123696018,6.837672111457657,25373,13319,15642,1207,0,SC,Maharashtra,Computer Science,AIIMS Delhi
8.053100212208163,5.340861546927468,61517,17201,79535,912,7,General,Delhi,Computer Science,IIT Bombay
6.443152766201279,5.129059534747435,20539,83,6306,1227,1,OBC,Tamil Nadu,Computer Science,Stanford University
7.906191107113061,5.675831445774114,63919,1921,18783,800,4,General,Karnataka,Electrical,Stanford University
5.771813576371011,9.81557555794587,14974,40586,78258,1065,8,General,Delhi,Computer Science,Stanford University
7.405700509274087,7.747647679475085,71156,11684,77964,1290,7,ST,Delhi,Medicine,Stanford University
7.662947162757929,9.8291108057661,59501,11337,121988,1007,1,SC,Delhi,Electrical,Stanford University
5.259117684112135,7.162489391650659,36576,15597,151639,1421,8,OBC,Tamil Nadu,Electrical,MIT
6.6830213909696035,6.559080665426298,42262,2094,124592,1511,4,General,Tamil Nadu,Electrical,AIIMS Delhi
5.672073384694871,7.5307093142012205,27717,12906,67767,1168,9,SC,Tamil Nadu,Computer Science,Stanford University
5.3168748523638385,7.197558443164551,3237,24352,6512,1105,5,SC,Delhi,Electrical,MIT
9.949801161949726,5.52832342130872,15849,30982,114817,811,2,ST,Delhi,Computer Science,AIIMS Delhi
6.611769224873615,8.204131573451031,2353,8368,157250,1144,2,ST,Maharashtra,Computer Science,IIT Bombay
9.049372229273175,6.080190912547998,1933,5286,4766,1264,9,ST,Maharashtra,Electrical,Stanford University
6.273203273818819,8.097939774489149,76450,43665,151427,1499,7,OBC,Tamil Nadu,Mechanical,MIT
8.407513611119647,8.251005461990767,8557,37706,23930,1465,9,General,Tamil Nadu,Mechanical,IIT Bombay
8.801139299448433,5.76012426564324,86837,16754,159893,1293,9,ST,Karnataka,Electrical,MIT
7.978193703039222,5.306748135553341,5499,18486,111577,1167,1,ST,Tamil Nadu,Mechanical,AIIMS Delhi
7.357880942750792,8.9038079303422,76119,12978,160596,1219,1,ST,Maharashtra,Medicine,AIIMS Delhi
7.059204570736343,7.299002118846601,50099,19875,71089,1590,4,General,Maharashtra,Medicine,IIT Bombay
6.744341332714976,5.290818977527379,64387,7675,197236,970,5,General,Maharashtra,Computer Science,MIT
9.64764572123913,9.974331585848836,9570,29039,77526,933,1,ST,Delhi,Mechanical,Stanford University
9.153097038938647,5.288902804981833,56883,29316,13781,1226,4,ST,Delhi,Medicine,Stanford University
9.825134553332564,8.475176144292766,70394,3677,6590,824,6,SC,Tamil Nadu,Electrical,IIT Bombay
5.6214861174277235,9.918394626317067,341,2427,165885,1329,9,ST,Karnataka,Mechanical,IIT Bombay
8.654337376018221,6.195900521079628,43950,24474,93665,989,9,OBC,Karnataka,Medicine,IIT Bombay
9.69170228410519,5.711246843435981,82303,2963,177012,940,7,OBC,Karnataka,Medicine,MIT
5.9061653308283,5.606924697112144,62444,29944,182566,1354,6,ST,Delhi,Electrical,Stanford University
5.3324813368338875,6.516375737837977,91669,860,104189,1595,7,General,Maharashtra,Computer Science,Stanford University
8.705603246450295,5.505229055053233,74028,44817,93327,1457,8,SC,Maharashtra,Electrical,Stanford University
7.8723655658995595,8.46080670847066,139,4139,40954,1114,4,General,Delhi,Computer Science,IIT Bombay
9.20914388379136,5.311458990650314,359,35193,65786,1243,4,ST,Karnataka,Medicine,Stanford University
5.698861883131448,7.547110640748949,75251,25641,19310,1118,9,OBC,Karnataka,Computer Science,AIIMS Delhi
8.976336559299451,9.983484269264885,85377,10410,54196,1240,3,SC,Tamil Nadu,Medicine,IIT Bombay
6.008136600238723,9.069851347530093,99932,4018,25902,891,8,General,Tamil Nadu,Medicine,Stanford University
5.818279714328522,8.076097191155053,30655,10452,154649,978,4,General,Karnataka,Mechanical,MIT
5.8213289896549645,6.5312681039330585,25880,28328,162581,855,1,ST,Delhi,Computer Science,IIT Bombay
9.07287360115691,8.119479181458193,81533,10279,25465,954,9,SC,Karnataka,Computer Science,AIIMS Delhi
8.325986103481,7.635207319558258,55779,24945,191354,1471,7,OBC,Tamil Nadu,Computer Science,AIIMS Delhi
7.615327123845597,7.130416919451857,37773,43765,16261,910,6,ST,Karnataka,Electrical,MIT
6.794152420617513,5.653551883700997,58479,1135,124998,936,7,SC,Delhi,Mechanical,MIT
9.386002704065541,9.433021076202333,64354,30132,35441,1031,2,General,Maharashtra,Mechanical,IIT Bombay
6.962225537113177,7.248923244106613,26763,37888,95083,1267,3,ST,Delhi,Mechanical,IIT Bombay
9.082997197357885,5.973112559103825,13284,38463,105584,1531,4,General,Delhi,Electrical,AIIMS Delhi
7.195674542851092,6.838796754386448,63923,22521,56684,1280,5,General,Tamil Nadu,Computer Science,MIT
6.884722147124538,7.070648762644636,39421,21870,124207,867,0,ST,Delhi,Computer Science,IIT Bombay
7.3133989283480325,9.137689477834371,55569,36933,172503,1048,3,ST,Delhi,Computer Science,AIIMS Delhi
6.50688937082071,8.66807190280701,85091,5040,133060,1122,9,ST,Tamil Nadu,Mechanical,MIT
8.738046900881255,8.846524468206699,20220,21282,156178,1317,4,ST,Tamil Nadu,Mechanical,AIIMS Delhi
7.513601950462396,5.055156322143236,57170,47400,78485,1591,6,ST,Maharashtra,Medicine,Stanford University
6.161063475734086,7.0807699908988075,74966,10443,144099,1231,4,General,Karnataka,Electrical,MIT
9.497872866372841,7.406720758176618,46841,8253,68310,1286,0,OBC,Delhi,Electrical,IIT Bombay
6.919456106866058,5.0959613841152835,44696,27587,45928,1405,6,OBC,Tamil Nadu,Mechanical,IIT Bombay
7.717764305569943,6.299066043725171,84755,17569,188608,1228,7,ST,Maharashtra,Medicine,Stanford University
9.532360554822734,8.801449115610675,77989,20811,42947,1068,6,General,Karnataka,Computer Science,MIT
8.12118997956996,5.685548528644995,58343,1552,126504,1508,3,OBC,Tamil Nadu,Mechanical,AIIMS Delhi
5.5844902035418205,7.6765506572629585,18952,12626,187634,1336,7,OBC,Karnataka,Electrical,IIT Bombay
9.699160618067376,6.0760093600861875,1308,34398,141450,947,4,OBC,Karnataka,Electrical,Stanford University
8.13854026535709,5.060603873219466,80389,26250,53593,917,9,General,Delhi,Electrical,Stanford University
6.674528073285431,6.206007287997707,90769,1362,138420,1166,8,ST,Delhi,Computer Science,MIT
5.696360363316936,9.879368774550269,35429,26150,33777,865,9,ST,Tamil Nadu,Electrical,MIT
8.97012594635148,9.007685559414949,92022,4371,134856,1169,4,ST,Karnataka,Computer Science,IIT Bombay
8.100363779642567,9.797883221605167,75775,5284,55799,974,0,SC,Tamil Nadu,Computer Science,Stanford University
7.667305459881607,7.439270219631812,38976,7611,135371,1387,8,SC,Tamil Nadu,Computer Science,AIIMS Delhi
9.469462915254788,5.548680993387517,1141,43327,70205,1294,4,SC,Karnataka,Mechanical,Stanford University
8.942986056122653,7.739797444868465,24843,14925,86208,913,5,General,Tamil Nadu,Computer Science,AIIMS Delhi
5.758374398663756,7.271886672799805,26422,47608,100357,910,3,OBC,Karnataka,Medicine,AIIMS Delhi
6.558610338977742,9.221785413698079,1709,44718,186234,1560,5,OBC,Karnataka,Electrical,IIT Bombay
6.242445699072329,5.490412903921223,3631,10627,60653,1238,7,General,Karnataka,Mechanical,Stanford University
8.719731462863384,7.441205685108891,19596,34762,165557,1514,2,General,Karnataka,Electrical,AIIMS Delhi
5.167662173678897,5.750243323469921,76022,870,129573,946,4,ST,Maharashtra,Computer Science,MIT
7.8494484243565825,6.6233796344503,28309,31553,20923,834,1,ST,Karnataka,Mechanical,AIIMS Delhi
8.812293428703452,8.686785386938999,44790,1015,165101,1108,1,SC,Delhi,Medicine,MIT
9.383828183808747,7.380090646843833,55691,10104,151389,1337,6,SC,Delhi,Computer Science,MIT
6.710408743579537,6.879441425728847,26087,16987,76997,1549,9,General,Delhi,Electrical,Stanford University
9.106286523360065,6.972381392850177,16860,44782,148041,813,9,SC,Karnataka,Medicine,MIT
5.553158684776037,7.297233842029933,7685,30472,30267,1173,9,OBC,Delhi,Computer Science,AIIMS Delhi
9.23226145867259,8.925082719185284,91089,33459,155073,1356,5,General,Maharashtra,Medicine,MIT
5.637443311659912,9.460423444701172,1208,25070,145084,1227,3,General,Tamil Nadu,Computer Science,Stanford University
6.986436452801836,9.77667343251964,46100,16874,2867,1527,4,OBC,Karnataka,Mechanical,IIT Bombay
8.986476828897768,8.934516931276475,67497,23249,112670,1032,0,ST,Delhi,Computer Science,AIIMS Delhi
5.749587136743869,6.577034478740064,66094,23625,5899,1504,6,ST,Maharashtra,Mechanical,AIIMS Delhi
6.146256976163207,8.440673530432711,29690,43517,18396,1362,7,OBC,Tamil Nadu,Computer Science,Stanford University
8.611262841965331,7.18801562027696,48652,29062,170092,1525,8,OBC,Maharashtra,Computer Science,Stanford University
8.600182682730372,6.273353110230255,13894,24171,4007,1462,7,SC,Delhi,Electrical,Stanford University
8.205738164426487,9.204357897129613,97809,8025,165466,1239,4,General,Maharashtra,Medicine,Stanford University
8.469742222335501,5.192131744811625,66419,16679,10957,1301,2,SC,Tamil Nadu,Medicine,AIIMS Delhi
7.713622216737981,9.508809960677118,60012,38257,181115,1074,9,OBC,Delhi,Medicine,IIT Bombay
6.258995294534763,7.30738732312367,38636,20412,137151,875,8,SC,Tamil Nadu,Computer Science,MIT
6.728479967519597,8.186007384041403,56116,43804,160704,1238,5,OBC,Maharashtra,Computer Science,MIT
5.9079885840071285,8.296769611028914,95072,19297,95677,1531,4,SC,Karnataka,Computer Science,IIT Bombay
9.542252806668142,9.475588703532683,78406,26294,121725,1498,2,SC,Karnataka,Mechanical,IIT Bombay
7.916958973830602,8.183348410836036,72703,27173,62902,1088,5,ST,Karnataka,Mechanical,IIT Bombay
7.0042570838181994,8.06966792380031,78519,21129,107228,1339,2,OBC,Karnataka,Electrical,Stanford University
7.310029018220663,5.33326020280345,72806,18258,117193,1491,9,SC,Tamil Nadu,Computer Science,AIIMS Delhi
9.736416698059077,7.59204010972602,58955,12856,172647,1052,5,General,Karnataka,Medicine,AIIMS Delhi
5.766757015580401,5.750845004085209,28065,19643,31418,925,3,SC,Tamil Nadu,Medicine,AIIMS Delhi
7.9311491600839865,8.687168843607427,79064,35586,88021,976,1,SC,Delhi,Electrical,Stanford University
7.52944339442233,7.561109604063372,2455,20026,83640,836,7,General,Karnataka,Medicine,AIIMS Delhi
8.05727117717324,8.401138896041767,20879,4459,196079,1209,3,OBC,Tamil Nadu,Electrical,Stanford University
5.090550919104203,5.208364503011921,51099,5308,94882,1410,8,ST,Karnataka,Computer Science,AIIMS Delhi
9.360619544720757,5.423960080229016,62155,41702,170527,1409,6,ST,Karnataka,Medicine,IIT Bombay
9.66059141241806,8.581616940313411,12992,18426,132660,926,1,ST,Karnataka,Computer Science,MIT
7.825665917946045,5.360421679993367,68345,49832,121689,1282,3,General,Tamil Nadu,Mechanical,MIT
8.483254119384462,5.356283638826293,36594,43428,115585,967,4,SC,Maharashtra,Medicine,Stanford University
9.612496905886479,5.060542376174437,36305,28274,185783,1391,2,OBC,Karnataka,Mechanical,AIIMS Delhi
8.536193171566993,9.7825069914974,30387,38507,86568,1093,8,SC,Karnataka,Medicine,MIT
5.762695214571306,8.687541797295035,55221,5669,75887,1437,4,ST,Delhi,Computer Science,IIT Bombay
7.881441800834066,6.766257042510321,69339,25935,149889,1142,1,SC,Maharashtra,Electrical,IIT Bombay
8.03357523191428,6.482677906438276,94290,47196,29433,1109,2,General,Tamil Nadu,Computer Science,IIT Bombay
7.12065335651193,6.748516148729248,21084,7698,179690,1461,8,General,Delhi,Computer Science,Stanford University
8.682221178123614,8.87326765590591,18355,24418,72374,1327,6,OBC,Karnataka,Computer Science,Stanford University
9.671835073845074,8.306853055352072,22191,16447,165290,1339,1,OBC,Delhi,Medicine,AIIMS Delhi
9.627842564533882,5.92597783933734,6143,40598,20885,1218,8,ST,Delhi,Electrical,IIT Bombay
7.254196857020661,5.870546676670422,28399,10752,5455,1243,3,OBC,Karnataka,Mechanical,AIIMS Delhi
5.566190229203777,5.491978248566987,51972,46219,74961,1484,8,SC,Maharashtra,Computer Science,AIIMS Delhi
9.924205994811672,8.301513598506691,41863,7353,102422,1357,1,General,Maharashtra,Medicine,IIT Bombay
9.19449043222967,8.821863311108679,98669,13517,43619,1035,9,General,Delhi,Mechanical,AIIMS Delhi
5.623313406016334,6.32523214162502,53411,23300,193744,1238,3,General,Karnataka,Computer Science,MIT
9.604209413086862,5.104724805154564,19504,31958,47112,1013,4,OBC,Tamil Nadu,Mechanical,Stanford University
9.349481810310643,5.410858337382137,48457,28928,170686,884,1,General,Delhi,Computer Science,AIIMS Delhi
7.5941902856303605,9.839300174225151,82036,41095,120593,1593,9,General,Tamil Nadu,Mechanical,IIT Bombay
7.9563771787246464,6.477223887387101,8017,36413,59994,1543,0,General,Delhi,Mechanical,Stanford University
6.9950135193506515,8.846115739190669,2385,29494,128653,884,6,ST,Delhi,Electrical,Stanford University
5.273808194110156,8.12331784427132,62321,26712,139921,1288,9,ST,Karnataka,Electrical,AIIMS Delhi
6.675986208229505,6.909698198264479,15073,8004,78673,864,0,OBC,Karnataka,Computer Science,MIT
9.014267242990057,6.028436310977776,80019,31708,66126,1445,7,General,Tamil Nadu,Medicine,AIIMS Delhi
5.023160115023014,5.606932090797033,40511,3279,117510,1462,2,OBC,Tamil Nadu,Electrical,MIT
6.667495858455721,8.075064840194333,48934,7297,61603,1426,9,General,Maharashtra,Mechanical,Stanford University
6.990843467954717,8.87316890318894,21827,25399,42223,863,5,General,Karnataka,Electrical,AIIMS Delhi
7.686978014689615,8.219521267705654,68027,35843,49224,1142,6,General,Delhi,Electrical,IIT Bombay
9.599278082063803,7.651510666245791,25519,13262,65334,1151,9,OBC,Delhi,Computer Science,AIIMS Delhi
6.7317299718298065,5.209756117158181,24046,11174,183805,957,0,OBC,Maharashtra,Electrical,MIT
6.734766009481138,9.84244388797192,50877,30450,122651,1388,5,General,Karnataka,Electrical,MIT
8.687506240548743,8.993570958272873,92447,41081,49421,1290,6,SC,Delhi,Mechanical,AIIMS Delhi
7.261089704449036,6.464110183504824,90103,1638,75505,1457,5,OBC,Maharashtra,Electrical,MIT
6.12302411469991,9.899851646794254,51920,31782,2463,1262,3,ST,Maharashtra,Mechanical,Stanford University
7.262197580663467,8.009407948181611,99442,13653,9461,1024,0,OBC,Delhi,Electrical,AIIMS Delhi
5.704285101898999,7.912113291036232,27104,5104,99320,1112,8,General,Delhi,Electrical,MIT
5.8819349325311165,8.740365897147662,36189,25501,140348,1414,3,SC,Tamil Nadu,Medicine,AIIMS Delhi
7.4918388636973985,9.058848940450687,5846,49797,144342,1265,6,General,Karnataka,Electrical,AIIMS Delhi
7.094627247522739,8.282393036657513,86699,34801,129594,887,6,ST,Tamil Nadu,Mechanical,IIT Bombay
9.5742295053405,5.640478731831,36675,35530,122673,1102,1,OBC,Maharashtra,Mechanical,AIIMS Delhi
6.811969495583165,6.6913375299724915,19338,47964,197015,1479,0,OBC,Delhi,Computer Science,IIT Bombay
7.902941751390218,9.640418201630249,22314,18453,72921,1234,7,General,Tamil Nadu,Computer Science,MIT
8.161321439597652,6.12307805921926,26944,49394,22554,1481,7,General,Maharashtra,Medicine,IIT Bombay
5.065472282941668,6.860835119187566,77950,31175,155439,934,6,ST,Karnataka,Mechanical,IIT Bombay
8.317686860083553,7.16038441472098,277,35437,44037,849,7,SC,Delhi,Mechanical,IIT Bombay
5.890179834348757,7.1970249484722615,51152,47407,148442,1231,2,ST,Tamil Nadu,Mechanical,Stanford University
9.805351587347275,8.064697912472628,17612,15955,142868,1139,1,SC,Karnataka,Medicine,IIT Bombay
5.7433136387655646,9.715379188723539,11945,17187,70022,1146,6,OBC,Tamil Nadu,Mechanical,AIIMS Delhi
7.0731206186351185,6.203463559162525,52888,12357,107206,1445,7,SC,Maharashtra,Computer Science,IIT Bombay
5.426748340393219,5.60750688150459,81443,32964,199227,1146,0,SC,Karnataka,Medicine,AIIMS Delhi
9.984371259229736,5.987352449299687,49848,2188,161216,1448,9,OBC,Tamil Nadu,Computer Science,IIT Bombay
7.510975051656213,9.434624501046347,58654,11708,160498,1044,8,OBC,Karnataka,Computer Science,Stanford University
7.976925086600219,8.229054063276031,86073,35099,88210,908,3,OBC,Maharashtra,Medicine,MIT
5.335382386942137,6.4295339461958,56623,26936,75140,1598,3,ST,Karnataka,Electrical,IIT Bombay
8.74980235199589,9.079734694843086,27811,21226,5369,1332,2,OBC,Tamil Nadu,Electrical,IIT Bombay
6.049527965477929,9.30684998181718,77843,3607,135694,889,5,General,Maharashtra,Computer Science,Stanford University
9.490271447203568,9.23257169345139,10504,32829,58830,1095,0,OBC,Delhi,Electrical,IIT Bombay
6.025698202410036,9.594632668197772,84762,26490,129037,911,5,OBC,Tamil Nadu,Mechanical,AIIMS Delhi
5.953438603318332,6.261205100866808,36977,14388,191367,1388,1,OBC,Tamil Nadu,Medicine,IIT Bombay
5.182748339240474,8.775209643731392,11591,3928,14720,976,8,SC,Maharashtra,Computer Science,IIT Bombay
7.360334725549996,7.3026974863707,10887,6297,29228,1142,1,ST,Maharashtra,Mechanical,MIT
7.824205666313082,9.209992764450307,12867,30445,109431,1459,6,OBC,Delhi,Electrical,MIT
5.328543197141762,8.642453385808066,66625,46391,138639,900,0,ST,Tamil Nadu,Mechanical,IIT Bombay
8.877638083475052,8.882237232498623,68900,46894,12307,1557,6,General,Maharashtra,Electrical,Stanford University
7.266444173740139,8.280809188405357,32793,2592,53823,1428,4,General,Delhi,Computer Science,MIT
7.6219513466379,5.8871438473485345,9765,44896,24043,1403,7,OBC,Delhi,Mechanical,IIT Bombay
7.20381373469114,7.725134594484691,86157,48517,146159,1200,3,General,Maharashtra,Medicine,MIT
7.00381530437663,9.92334869762254,42728,26148,148460,827,9,ST,Tamil Nadu,Computer Science,IIT Bombay
7.79820165654109,9.686940332485594,78472,38890,158115,1336,6,SC,Karnataka,Mechanical,MIT
5.776201229653562,5.215868678985059,8069,1201,89425,857,5,OBC,Karnataka,Mechanical,MIT
5.909640652476355,5.824074078647186,7296,15722,182691,1297,4,General,Delhi,Electrical,AIIMS Delhi
9.308928105067587,5.65864386727281,41161,19239,149396,1096,3,ST,Karnataka,Computer Science,IIT Bombay
9.730577310668163,8.629899549926478,11391,11088,18020,933,6,ST,Karnataka,Computer Science,IIT Bombay
6.866546581398765,9.088926649284726,20132,30817,75427,1130,4,General,Maharashtra,Computer Science,IIT Bombay
6.353723365717769,6.067556831553359,94755,23409,40864,1048,4,ST,Delhi,Computer Science,IIT Bombay
8.219997716195078,7.529263464759145,75970,39741,111024,1349,0,ST,Tamil Nadu,Electrical,MIT
7.0436708554904826,9.203515140056,15039,137,141356,874,1,OBC,Delhi,Medicine,AIIMS Delhi
5.126931778301724,8.664007723831253,52328,17414,149352,1453,4,ST,Maharashtra,Computer Science,AIIMS Delhi
5.780762986830952,7.711186027459242,93719,48115,47000,967,2,General,Karnataka,Electrical,Stanford University
8.579861144236988,7.951738452293864,77065,18979,62781,1570,1,OBC,Tamil Nadu,Medicine,IIT Bombay
8.294619709550757,7.5418027345814,21282,662,22909,1302,3,General,Delhi,Medicine,Stanford University
5.135479962517417,6.487742256594103,54190,35241,192657,1154,3,SC,Karnataka,Electrical,MIT
6.109860809664747,7.8251099642950805,48512,27254,126279,1024,3,General,Delhi,Computer Science,Stanford University
6.1553739829403575,8.444426510250453,8606,26885,113003,1463,3,General,Tamil Nadu,Medicine,IIT Bombay
8.359463717993641,9.366614579304038,1382,32855,181298,1330,2,OBC,Delhi,Computer Science,AIIMS Delhi
5.098552688771821,8.18145676989624,66635,10705,169025,945,6,ST,Delhi,Computer Science,AIIMS Delhi
5.520542909922869,8.80560768521579,19811,38988,100707,1040,8,General,Delhi,Mechanical,IIT Bombay
8.999580426865947,5.800358174772865,24323,24528,168736,1143,4,OBC,Karnataka,Computer Science,MIT
5.892723310271668,7.307787372098949,41870,16323,122020,1548,3,SC,Tamil Nadu,Mechanical,IIT Bombay
8.263730539259374,5.046658099135467,32956,47518,109709,834,1,OBC,Tamil Nadu,Medicine,MIT
6.190913905233632,6.233394322608115,61389,6969,192454,1501,1,OBC,Karnataka,Electrical,AIIMS Delhi
5.497206963796726,8.632308575565023,10208,27519,179002,800,4,ST,Karnataka,Mechanical,MIT
6.21586095499727,9.959049756746818,87330,46365,9344,952,6,General,Karnataka,Electrical,IIT Bombay
8.611334659278295,5.495890497936079,67629,27887,76174,1228,9,SC,Maharashtra,Medicine,IIT Bombay
9.27848234053143,7.007471579306442,28221,1701,100261,1307,9,OBC,Delhi,Computer Science,IIT Bombay
9.151099322834959,9.000354843495797,84051,28247,170864,925,8,General,Delhi,Medicine,MIT
6.985917648092274,6.020178173144494,74086,35469,160207,1290,6,General,Tamil Nadu,Electrical,MIT
8.34042568285323,7.7754247465114315,22032,23200,178174,1281,4,OBC,Delhi,Medicine,MIT
6.024921477079105,8.665356480148374,70722,44590,69444,1144,9,General,Maharashtra,Computer Science,AIIMS Delhi
6.465738651305067,8.079927251300894,80808,32116,57531,1537,9,OBC,Karnataka,Medicine,Stanford University
9.4816790926056,5.940123673077081,71313,5521,177872,1020,9,OBC,Tamil Nadu,Computer Science,Stanford University
5.06500961755368,6.7769228434286966,59767,44279,135900,1522,5,OBC,Tamil Nadu,Mechanical,IIT Bombay
5.42754265427234,8.918958922426986,12450,36456,96144,824,2,SC,Delhi,Electrical,AIIMS Delhi
6.039431275730136,7.771132570660083,89834,49749,193726,1327,4,OBC,Tamil Nadu,Computer Science,MIT
5.132661019369099,5.026148067714564,56700,20930,144772,981,7,ST,Karnataka,Computer Science,IIT Bombay
5.907177175448987,8.804953800140469,81254,41606,114528,1298,0,General,Tamil Nadu,Medicine,AIIMS Delhi
7.91520780484846,5.176556774701195,46093,14956,136386,1440,0,SC,Karnataka,Mechanical,IIT Bombay
7.107122752962489,8.728668913656161,63672,44050,144671,841,6,General,Maharashtra,Computer Science,AIIMS Delhi
9.463358555384875,6.012402800826187,10351,13918,111363,1280,4,SC,Maharashtra,Mechanical,AIIMS Delhi
9.087217808692206,9.790367400596901,96159,4758,28808,1547,4,ST,Karnataka,Mechanical,Stanford University
6.70908675848938,6.839703756510422,68488,13046,176299,1238,0,SC,Delhi,Medicine,IIT Bombay
6.297117167156463,6.634658081690396,17623,41681,59551,1201,8,SC,Tamil Nadu,Computer Science,MIT
6.898462040836335,5.7444402516622235,70264,4734,3559,1345,0,SC,Delhi,Medicine,Stanford University
7.951474712574038,6.528021077451074,53118,30955,50114,1144,4,General,Tamil Nadu,Electrical,Stanford University
6.340318204114381,9.383253809141003,58395,31136,53000,844,9,OBC,Maharashtra,Electrical,MIT
8.12074453924567,9.981671688136236,23783,7082,186951,1445,8,General,Maharashtra,Computer Science,AIIMS Delhi
7.047058260956202,6.841547652534242,28455,41459,167416,820,3,OBC,Maharashtra,Mechanical,MIT
7.760235904259901,7.243053154772713,67905,23502,58220,1433,7,General,Tamil Nadu,Computer Science,IIT Bombay
7.180632645676583,8.610354691013686,15593,21114,166259,869,5,ST,Maharashtra,Computer Science,MIT
6.472328797709588,9.430978902325371,22174,34442,168039,847,2,ST,Maharashtra,Electrical,AIIMS Delhi
9.742266534810783,7.9652216709339205,33205,47087,164842,1290,3,SC,Maharashtra,Electrical,MIT
8.818028970798803,6.957628490889147,35597,24691,53219,1350,1,ST,Maharashtra,Mechanical,AIIMS Delhi
5.700565878832263,7.063109204243119,34325,43940,19230,1086,0,SC,Delhi,Mechanical,AIIMS Delhi
9.342339879489565,8.478090732484034,61203,29346,75210,809,7,OBC,Maharashtra,Computer Science,IIT Bombay
7.437155991247568,5.0160913180213935,89401,46314,27878,1341,0,ST,Maharashtra,Medicine,MIT
9.472761134470456,8.097946687299203,30751,44572,189074,1555,0,OBC,Delhi,Computer Science,MIT
8.999276279736577,6.777465052206787,76113,26830,97138,1073,3,General,Delhi,Mechanical,IIT Bombay
7.126067522346167,8.97098665638542,16567,35063,38085,1399,9,OBC,Tamil Nadu,Medicine,AIIMS Delhi
5.112346541600587,5.46495319911566,7191,3631,81781,1555,9,General,Karnataka,Electrical,MIT
6.34338679692473,7.941011334741953,88608,47862,147879,1180,5,OBC,Maharashtra,Mechanical,IIT Bombay
7.708171073304335,7.404864449430619,38334,31871,37035,1128,8,OBC,Maharashtra,Mechanical,AIIMS Delhi
8.167391099130736,8.211627629526138,80906,49299,171390,1278,0,ST,Maharashtra,Medicine,IIT Bombay
6.2894384271660115,5.324267972414842,89572,47222,55469,814,6,OBC,Tamil Nadu,Mechanical,MIT
5.69678037036412,7.899918937140656,1590,44943,150167,1315,9,ST,Maharashtra,Mechanical,IIT Bombay
9.174651183996495,7.807422939797618,25236,3454,188869,990,4,ST,Karnataka,Mechanical,Stanford University
9.92201090351776,7.8033004720808545,160,37276,10590,967,7,SC,Delhi,Mechanical,AIIMS Delhi
7.628450911513429,8.017438332982273,12146,43371,57222,1320,6,SC,Tamil Nadu,Mechanical,Stanford University
5.858396429241518,8.382339686131811,80910,38397,1658,1420,3,General,Delhi,Mechanical,Stanford University
6.361536632596845,9.02494499840385,31922,8329,98301,936,3,OBC,Maharashtra,Mechanical,AIIMS Delhi
5.0919533827373336,6.3491036006410715,16238,15535,117230,953,5,General,Maharashtra,Mechanical,AIIMS Delhi
9.571494032802494,9.12524705090031,8245,19745,39532,1187,5,OBC,Maharashtra,Electrical,IIT Bombay
5.588755414450706,7.491278411317268,14744,19390,52228,1008,8,SC,Karnataka,Mechanical,AIIMS Delhi
7.882582377571268,5.385291395671656,97103,36321,3165,1071,4,SC,Karnataka,Electrical,Stanford University
6.37027610343603,5.292754646219896,46102,49171,93079,942,7,OBC,Tamil Nadu,Electrical,Stanford University
7.770890012578967,6.671191593480303,84228,35011,41248,1410,4,OBC,Delhi,Computer Science,MIT
8.257101941759322,8.924484885557337,99533,14666,150674,868,1,SC,Maharashtra,Computer Science,AIIMS Delhi
9.148709018536008,8.538404673704578,56379,37866,50600,1046,5,SC,Maharashtra,Electrical,Stanford University
6.032106358803016,8.943074823362032,71127,8641,135625,1060,8,General,Maharashtra,Electrical,MIT
5.054979143292402,7.586345282208047,56072,34717,140490,1587,2,SC,Maharashtra,Mechanical,MIT
5.684428150344036,7.200994989777453,71122,25522,189652,878,0,OBC,Karnataka,Computer Science,IIT Bombay
9.500093209240525,5.73726263353142,74764,30050,68208,1457,0,General,Delhi,Medicine,Stanford University
9.369450387812577,6.640963768046557,93815,5619,72056,1422,2,OBC,Delhi,Computer Science,IIT Bombay
7.987065510851542,7.170096830869376,12238,37005,102267,1569,9,ST,Tamil Nadu,Electrical,Stanford University
8.002584302168266,5.443002148398087,15650,1921,78271,1404,4,General,Karnataka,Electrical,IIT Bombay
8.325183372731278,6.103059763556056,37714,43938,111427,1324,2,OBC,Maharashtra,Mechanical,IIT Bombay
5.876856393117248,7.991126470318694,73464,4189,134795,1571,8,SC,Delhi,Mechanical,AIIMS Delhi
9.5720597296248,8.678315571195949,45410,12208,70443,1420,7,ST,Delhi,Computer Science,IIT Bombay
7.093852624460366,9.991737556964749,48767,239,95633,1129,2,OBC,Karnataka,Mechanical,AIIMS Delhi
6.915692641247487,9.66556665671779,46155,32973,171104,988,8,General,Tamil Nadu,Medicine,MIT
7.594588526414188,8.212825997675957,7017,10800,21439,894,5,OBC,Tamil Nadu,Medicine,Stanford University
5.234829833875275,7.10624026647036,79564,5553,58820,1416,6,ST,Maharashtra,Mechanical,MIT
5.8314168437803975,8.180886823541163,48689,28917,43857,807,3,General,Tamil Nadu,Medicine,Stanford University
8.690168082131851,8.92825809040116,89679,4928,164649,866,3,ST,Delhi,Medicine,MIT
5.413993339625632,5.591680954616937,54239,27965,41939,1295,1,OBC,Tamil Nadu,Computer Science,Stanford University
8.01576054733194,7.049524448481441,58609,11165,180101,990,4,SC,Maharashtra,Medicine,IIT Bombay
6.226745548406605,9.199011428178085,89082,37159,59808,1165,7,SC,Delhi,Electrical,Stanford University
6.946478070209883,6.91916475966522,31898,19072,49878,1567,6,OBC,Tamil Nadu,Electrical,Stanford University
6.443468683853499,7.859361356135933,50962,48410,43462,1320,6,OBC,Tamil Nadu,Computer Science,MIT
6.7783635823247455,7.938846804310991,68704,6161,93475,916,5,OBC,Karnataka,Mechanical,MIT
8.595229525921226,5.9223812656681964,44758,15811,171542,1066,2,General,Maharashtra,Computer Science,MIT
6.485608578115875,6.811177208261442,26918,5127,83137,1410,4,ST,Tamil Nadu,Mechanical,AIIMS Delhi
7.8320232014844855,6.672556443709661,22737,30010,20436,1284,0,ST,Karnataka,Mechanical,AIIMS Delhi
7.380252010995498,5.130983542660324,27991,33585,145264,1308,6,ST,Delhi,Mechanical,Stanford University
8.31835582681324,5.120958819456776,62552,46183,84727,1097,8,OBC,Karnataka,Mechanical,Stanford University
9.68414869662379,9.158485218378868,58162,25397,158459,963,0,ST,Karnataka,Mechanical,IIT Bombay
8.662860486051251,6.365354049864062,79624,193,162794,1175,1,OBC,Tamil Nadu,Computer Science,IIT Bombay
6.074701892953784,7.590393831194078,22441,36414,54787,1452,2,General,Tamil Nadu,Mechanical,Stanford University
5.1559156753064235,6.493627867943865,35206,12817,13705,1067,2,SC,Tamil Nadu,Medicine,AIIMS Delhi
6.311320221499125,9.703396225576704,80812,39083,56636,1348,7,OBC,Karnataka,Medicine,Stanford University
7.975389653501274,6.296483794328869,55104,32131,133196,873,6,OBC,Delhi,Mechanical,IIT Bombay
5.257129067421252,7.148284063694676,70813,40143,90711,1307,5,SC,Maharashtra,Medicine,AIIMS Delhi
7.481831236006181,9.36365125242301,41628,36469,62994,872,9,SC,Karnataka,Electrical,AIIMS Delhi
7.984214244584447,9.209667833959044,19009,30699,112753,1107,9,General,Tamil Nadu,Computer Science,IIT Bombay
6.671219454084804,5.930507089231386,71275,10656,156489,998,3,ST,Maharashtra,Computer Science,Stanford University
8.85456101872911,9.013216548978551,32403,47898,132887,929,8,OBC,Delhi,Mechanical,MIT
5.532991265668859,7.290934433689463,53385,30076,78538,1557,0,ST,Maharashtra,Mechanical,Stanford University
5.375688908679043,7.414844360426776,5794,9360,50259,1371,1,OBC,Tamil Nadu,Electrical,Stanford University
8.640943781018017,5.667399862079719,5572,36662,147581,1590,3,General,Karnataka,Mechanical,IIT Bombay
7.477456581030992,5.403007568785624,96868,39580,85167,1414,2,SC,Karnataka,Medicine,AIIMS Delhi
8.44201198213868,8.639696534868825,16210,42057,113711,1286,0,General,Tamil Nadu,Electrical,IIT Bombay
7.174136693018731,7.482305761776499,90931,33273,35700,950,4,SC,Karnataka,Medicine,Stanford University
6.2320101661955345,7.184253513075898,43149,42582,46336,1468,6,ST,Tamil Nadu,Computer Science,MIT
9.095511588370998,8.647541143261984,91219,14672,46807,1005,1,ST,Karnataka,Medicine,MIT
8.997079394844896,8.82756449495555,2225,27049,77854,978,4,General,Karnataka,Computer Science,MIT
8.473482354272134,5.794540838346768,48696,10739,194841,996,5,SC,Karnataka,Medicine,IIT Bombay
6.360725686149813,8.051125747388205,32442,25964,35740,1534,6,General,Delhi,Computer Science,AIIMS Delhi
7.9511533343454355,5.676770411388428,39130,43955,34786,888,0,SC,Delhi,Mechanical,IIT Bombay
6.804869484700134,8.756875430145229,62369,6774,163053,1598,6,SC,Tamil Nadu,Medicine,MIT
5.457910366633171,8.284775781335698,92123,36585,85017,1233,3,ST,Delhi,Computer Science,Stanford University
9.586567877311214,9.78307310541729,44761,29895,132682,1587,7,ST,Tamil Nadu,Medicine,AIIMS Delhi
5.684093154594807,5.344790081782106,23479,718,66254,1547,3,SC,Maharashtra,Electrical,IIT Bombay
9.751186769104013,5.285273605756272,71855,11677,91129,982,5,SC,Maharashtra,Mechanical,IIT Bombay
7.230028864789778,6.410935373466001,94231,4435,159214,1008,8,SC,Delhi,Computer Science,AIIMS Delhi
